<entities >
  <entity name="msdyn_cannedmessage" displayname="Quick reply" etc="10325" primaryidfield="msdyn_cannedmessageid" primarynamefield="msdyn_title" disableplugins="false">
    <fields>
      <field displayname="Category" name="lulu_category" type="string" customfield="true" />
      <field displayname="Created By" name="createdby" type="entityreference" lookupType="systemuser" />
      <field displayname="Created By (Delegate)" name="createdonbehalfby" type="entityreference" lookupType="systemuser" />
      <field displayname="Created On" name="createdon" type="datetime" />
      <field displayname="Import Sequence Number" name="importsequencenumber" type="number" />
      <field displayname="Locale" name="msdyn_locale_field" type="optionsetvalue" customfield="true" />
      <field displayname="Message" name="msdyn_message" type="string" customfield="true" />
      <field displayname="Modified By" name="modifiedby" type="entityreference" lookupType="systemuser" />
      <field displayname="Modified By (Delegate)" name="modifiedonbehalfby" type="entityreference" lookupType="systemuser" />
      <field displayname="Modified On" name="modifiedon" type="datetime" />
      <field displayname="Organization Id" name="organizationid" type="entityreference" lookupType="organization" />
      <field displayname="Quick reply" name="msdyn_cannedmessageid" type="guid" primaryKey="true" />
      <field displayname="Record Created On" name="overriddencreatedon" type="datetime" />
      <field displayname="Status" name="statecode" type="state" />
      <field displayname="Status Reason" name="statuscode" type="status" />
      <field displayname="TagsControlField" name="msdyn_tagscontrolfield" type="string" customfield="true" />
      <field displayname="Time Zone Rule Version Number" name="timezoneruleversionnumber" type="number" />
      <field displayname="Title" name="msdyn_title" type="string" customfield="true" />
      <field displayname="UTC Conversion Time Zone Code" name="utcconversiontimezonecode" type="number" />
      <field displayname="Version Number" name="versionnumber" type="bigint" />
    </fields>
    <relationships>
      <relationship name="msdyn_msdyn_cannedmessage_liveworkstream" manyToMany="true" relatedEntityName="msdyn_msdyn_cannedmessage_liveworkstream" m2mTargetEntity="msdyn_liveworkstream" m2mTargetEntityPrimaryKey="msdyn_liveworkstreamid" />
      <relationship name="msdyn_msdyn_cannedmessage_msdyn_octag" manyToMany="true" relatedEntityName="msdyn_msdyn_cannedmessage_msdyn_octag" m2mTargetEntity="msdyn_octag" m2mTargetEntityPrimaryKey="msdyn_octagid" />
    </relationships>
  </entity>
  <entity name="lulu_case_types" displayname="Case Type" etc="10438" primaryidfield="lulu_case_typesid" primarynamefield="lulu_name" disableplugins="false">
    <fields>
      <field displayname="Case Type" name="lulu_case_typesid" type="guid" primaryKey="true" />
      <field displayname="Created By" name="createdby" type="entityreference" lookupType="systemuser" />
      <field displayname="Created By (Delegate)" name="createdonbehalfby" type="entityreference" lookupType="systemuser" />
      <field displayname="Created On" name="createdon" type="datetime" />
      <field displayname="Form Element" name="lulu_form_element" type="string" customfield="true" />
      <field displayname="Import Sequence Number" name="importsequencenumber" type="number" />
      <field displayname="Modified By" name="modifiedby" type="entityreference" lookupType="systemuser" />
      <field displayname="Modified By (Delegate)" name="modifiedonbehalfby" type="entityreference" lookupType="systemuser" />
      <field displayname="Modified On" name="modifiedon" type="datetime" />
      <field displayname="Name" name="lulu_name" type="string" customfield="true" />
      <field displayname="Owner" name="ownerid" type="owner" />
      <field displayname="Owning Business Unit" name="owningbusinessunit" type="entityreference" lookupType="businessunit" />
      <field displayname="Owning Team" name="owningteam" type="entityreference" lookupType="team" />
      <field displayname="Owning User" name="owninguser" type="entityreference" lookupType="systemuser" />
      <field displayname="Parent Case Type" name="lulu_parent_case_type" type="entityreference" lookupType="lulu_case_types" customfield="true" />
      <field displayname="Record Created On" name="overriddencreatedon" type="datetime" />
      <field displayname="Status" name="statecode" type="state" />
      <field displayname="Status Reason" name="statuscode" type="status" />
      <field displayname="Time Zone Rule Version Number" name="timezoneruleversionnumber" type="number" />
      <field displayname="UTC Conversion Time Zone Code" name="utcconversiontimezonecode" type="number" />
      <field displayname="Version Number" name="versionnumber" type="bigint" />
    </fields>
    <relationships />
  </entity>
  <entity name="site" displayname="Site" etc="4009" primaryidfield="siteid" primarynamefield="name" disableplugins="false">
    <fields>
      <field displayname="Address 1: Address Type" name="address1_addresstypecode" type="optionsetvalue" />
      <field displayname="Address 1: County" name="address1_county" type="string" />
      <field displayname="Address 1: ID" name="address1_addressid" type="guid" primaryKey="true" />
      <field displayname="Address 1: Latitude" name="address1_latitude" type="float" />
      <field displayname="Address 1: Longitude" name="address1_longitude" type="float" />
      <field displayname="Address 1: Name" name="address1_name" type="string" />
      <field displayname="Address 1: Post Office Box" name="address1_postofficebox" type="string" />
      <field displayname="Address 1: Shipping Method" name="address1_shippingmethodcode" type="optionsetvalue" />
      <field displayname="Address 1: Telephone 3" name="address1_telephone3" type="string" />
      <field displayname="Address 1: UPS Zone" name="address1_upszone" type="string" />
      <field displayname="Address 1: UTC Offset" name="address1_utcoffset" type="number" />
      <field displayname="Address 2: Address Type" name="address2_addresstypecode" type="optionsetvalue" />
      <field displayname="Address 2: City" name="address2_city" type="string" />
      <field displayname="Address 2: Country/Region" name="address2_country" type="string" />
      <field displayname="Address 2: County" name="address2_county" type="string" />
      <field displayname="Address 2: Fax" name="address2_fax" type="string" />
      <field displayname="Address 2: ID" name="address2_addressid" type="guid" primaryKey="true" />
      <field displayname="Address 2: Latitude" name="address2_latitude" type="float" />
      <field displayname="Address 2: Longitude" name="address2_longitude" type="float" />
      <field displayname="Address 2: Name" name="address2_name" type="string" />
      <field displayname="Address 2: Post Office Box" name="address2_postofficebox" type="string" />
      <field displayname="Address 2: Shipping Method" name="address2_shippingmethodcode" type="optionsetvalue" />
      <field displayname="Address 2: State/Province" name="address2_stateorprovince" type="string" />
      <field displayname="Address 2: Street 1" name="address2_line1" type="string" />
      <field displayname="Address 2: Street 2" name="address2_line2" type="string" />
      <field displayname="Address 2: Street 3" name="address2_line3" type="string" />
      <field displayname="Address 2: Telephone 1" name="address2_telephone1" type="string" />
      <field displayname="Address 2: Telephone 2" name="address2_telephone2" type="string" />
      <field displayname="Address 2: Telephone 3" name="address2_telephone3" type="string" />
      <field displayname="Address 2: UPS Zone" name="address2_upszone" type="string" />
      <field displayname="Address 2: UTC Offset" name="address2_utcoffset" type="number" />
      <field displayname="Address 2: ZIP/Postal Code" name="address2_postalcode" type="string" />
      <field displayname="Area" name="lulu_area_text" type="string" customfield="true" />
      <field displayname="Carrier Service Code" name="lulu_carrierservicecode" type="string" customfield="true" />
      <field displayname="City" name="address1_city" type="string" />
      <field displayname="Country/Region" name="address1_country" type="string" />
      <field displayname="Created By (Delegate)" name="createdonbehalfby" type="entityreference" lookupType="systemuser" />
      <field displayname="Currency" name="transactioncurrencyid" type="entityreference" lookupType="transactioncurrency" />
      <field displayname="Email" name="emailaddress" type="string" />
      <field displayname="Enterprise Code" name="lulu_enterprisecode" type="string" customfield="true" />
      <field displayname="Exchange Rate" name="exchangerate" type="decimal" />
      <field displayname="Ext Selling Store No" name="lulu_extsellingstoreno" type="string" customfield="true" />
      <field displayname="Fax" name="address1_fax" type="string" />
      <field displayname="Import Sequence Number" name="importsequencenumber" type="number" />
      <field displayname="Main Phone" name="address1_telephone1" type="string" />
      <field displayname="Modified By (Delegate)" name="modifiedonbehalfby" type="entityreference" lookupType="systemuser" />
      <field displayname="Name" name="name" type="string" />
      <field displayname="Other Phone" name="address1_telephone2" type="string" />
      <field displayname="Payment Rule ID" name="lulu_paymentruleid" type="string" customfield="true" />
      <field displayname="Record Created On" name="overriddencreatedon" type="datetime" />
      <field displayname="Region" name="lulu_region_text" type="string" customfield="true" />
      <field displayname="Seller Organization Code" name="lulu_sellerorganizationcode" type="string" customfield="true" />
      <field displayname="Ship Node" name="lulu_shipnode" type="string" customfield="true" />
      <field displayname="Site" name="siteid" type="guid" primaryKey="true" />
      <field displayname="Site type" name="lulu_sitetype" type="optionsetvaluecollection" customfield="true" />
      <field displayname="Source System ID" name="lulu_source_system_id" type="string" customfield="true" />
      <field displayname="State/Province" name="address1_stateorprovince" type="string" />
      <field displayname="Street 1" name="address1_line1" type="string" />
      <field displayname="Street 2" name="address1_line2" type="string" />
      <field displayname="Street 3" name="address1_line3" type="string" />
      <field displayname="Tax Name" name="lulu_taxname" type="string" customfield="true" />
      <field displayname="Time Zone" name="timezonecode" type="number" />
      <field displayname="Time Zone Rule Version Number" name="timezoneruleversionnumber" type="number" />
      <field displayname="Type" name="lulu_type" type="optionsetvalue" customfield="true" />
      <field displayname="UTC Conversion Time Zone Code" name="utcconversiontimezonecode" type="number" />
      <field displayname="Value" name="lulu_value" type="money" customfield="true" />
      <field displayname="Value (Base)" name="lulu_value_base" type="money" customfield="true" />
      <field displayname="ZIP/Postal Code" name="address1_postalcode" type="string" />
    </fields>
    <relationships />
  </entity>
  <entity name="lulu_region" displayname="Region" etc="10440" primaryidfield="lulu_regionid" primarynamefield="lulu_name" disableplugins="false">
    <fields>
      <field displayname="Created By" name="createdby" type="entityreference" lookupType="systemuser" />
      <field displayname="Created By (Delegate)" name="createdonbehalfby" type="entityreference" lookupType="systemuser" />
      <field displayname="Created On" name="createdon" type="datetime" />
      <field displayname="Import Sequence Number" name="importsequencenumber" type="number" />
      <field displayname="Modified By" name="modifiedby" type="entityreference" lookupType="systemuser" />
      <field displayname="Modified By (Delegate)" name="modifiedonbehalfby" type="entityreference" lookupType="systemuser" />
      <field displayname="Modified On" name="modifiedon" type="datetime" />
      <field displayname="Name" name="lulu_name" type="string" customfield="true" />
      <field displayname="Organization Id" name="organizationid" type="entityreference" lookupType="organization" />
      <field displayname="Record Created On" name="overriddencreatedon" type="datetime" />
      <field displayname="Region" name="lulu_regionid" type="guid" primaryKey="true" />
      <field displayname="Status" name="statecode" type="state" />
      <field displayname="Status Reason" name="statuscode" type="status" />
      <field displayname="Time Zone Rule Version Number" name="timezoneruleversionnumber" type="number" />
      <field displayname="Type" name="lulu_type" type="optionsetvaluecollection" customfield="true" />
      <field displayname="UTC Conversion Time Zone Code" name="utcconversiontimezonecode" type="number" />
      <field displayname="Version Number" name="versionnumber" type="bigint" />
    </fields>
    <relationships />
  </entity>
  <entity name="lulu_productcategory" displayname="Product Category" etc="10444" primaryidfield="lulu_productcategoryid" primarynamefield="lulu_name" disableplugins="false">
    <fields>
      <field displayname="Created By" name="createdby" type="entityreference" lookupType="systemuser" />
      <field displayname="Created By (Delegate)" name="createdonbehalfby" type="entityreference" lookupType="systemuser" />
      <field displayname="Created On" name="createdon" type="datetime" />
      <field displayname="Import Sequence Number" name="importsequencenumber" type="number" />
      <field displayname="Modified By" name="modifiedby" type="entityreference" lookupType="systemuser" />
      <field displayname="Modified By (Delegate)" name="modifiedonbehalfby" type="entityreference" lookupType="systemuser" />
      <field displayname="Modified On" name="modifiedon" type="datetime" />
      <field displayname="Name" name="lulu_name" type="string" customfield="true" />
      <field displayname="Organization Id" name="organizationid" type="entityreference" lookupType="organization" />
      <field displayname="Parent Product Category" name="lulu_parent_product_category" type="entityreference" lookupType="lulu_productcategory" customfield="true" />
      <field displayname="Product Category" name="lulu_productcategoryid" type="guid" primaryKey="true" />
      <field displayname="Record Created On" name="overriddencreatedon" type="datetime" />
      <field displayname="Status" name="statecode" type="state" />
      <field displayname="Status Reason" name="statuscode" type="status" />
      <field displayname="Time Zone Rule Version Number" name="timezoneruleversionnumber" type="number" />
      <field displayname="UTC Conversion Time Zone Code" name="utcconversiontimezonecode" type="number" />
      <field displayname="Version Number" name="versionnumber" type="bigint" />
    </fields>
    <relationships />
  </entity>
  <entity name="lulu_sweatcollectivestatus" displayname="SweatCollective Status" etc="10453" primaryidfield="lulu_sweatcollectivestatusid" primarynamefield="lulu_name" disableplugins="false">
    <fields>
      <field displayname="Created By" name="createdby" type="entityreference" lookupType="systemuser" />
      <field displayname="Created By (Delegate)" name="createdonbehalfby" type="entityreference" lookupType="systemuser" />
      <field displayname="Created On" name="createdon" type="datetime" />
      <field displayname="Import Sequence Number" name="importsequencenumber" type="number" />
      <field displayname="Modified By" name="modifiedby" type="entityreference" lookupType="systemuser" />
      <field displayname="Modified By (Delegate)" name="modifiedonbehalfby" type="entityreference" lookupType="systemuser" />
      <field displayname="Modified On" name="modifiedon" type="datetime" />
      <field displayname="Name" name="lulu_name" type="string" customfield="true" />
      <field displayname="Organization Id" name="organizationid" type="entityreference" lookupType="organization" />
      <field displayname="Parent Status" name="lulu_parent_status" type="entityreference" lookupType="lulu_sweatcollectivestatus" customfield="true" />
      <field displayname="Record Created On" name="overriddencreatedon" type="datetime" />
      <field displayname="Status" name="statecode" type="state" />
      <field displayname="Status Reason" name="statuscode" type="status" />
      <field displayname="SweatCollective Status" name="lulu_sweatcollectivestatusid" type="guid" primaryKey="true" />
      <field displayname="Time Zone Rule Version Number" name="timezoneruleversionnumber" type="number" />
      <field displayname="UTC Conversion Time Zone Code" name="utcconversiontimezonecode" type="number" />
      <field displayname="Version Number" name="versionnumber" type="bigint" />
    </fields>
    <relationships />
  </entity>
  <entity name="lulu_jurisdiction" displayname="Jurisdiction" etc="10442" primaryidfield="lulu_jurisdictionid" primarynamefield="lulu_name" disableplugins="false">
    <fields>
      <field displayname="Carrier Service Code" name="lulu_carrierservicecode" type="string" customfield="true" />
      <field displayname="Code" name="lulu_code" type="string" customfield="true" />
      <field displayname="Created By" name="createdby" type="entityreference" lookupType="systemuser" />
      <field displayname="Created By (Delegate)" name="createdonbehalfby" type="entityreference" lookupType="systemuser" />
      <field displayname="Created On" name="createdon" type="datetime" />
      <field displayname="Enterprise Code" name="lulu_enterprisecode" type="string" customfield="true" />
      <field displayname="Ext Selling Store No" name="lulu_extsellingstoreno" type="string" customfield="true" />
      <field displayname="Import Sequence Number" name="importsequencenumber" type="number" />
      <field displayname="Jurisdiction" name="lulu_jurisdictionid" type="guid" primaryKey="true" />
      <field displayname="Modified By" name="modifiedby" type="entityreference" lookupType="systemuser" />
      <field displayname="Modified By (Delegate)" name="modifiedonbehalfby" type="entityreference" lookupType="systemuser" />
      <field displayname="Modified On" name="modifiedon" type="datetime" />
      <field displayname="Name" name="lulu_name" type="string" customfield="true" />
      <field displayname="Organization Id" name="organizationid" type="entityreference" lookupType="organization" />
      <field displayname="OSC Country Code" name="lulu_osccountrycode" type="string" customfield="true" />
      <field displayname="Parent Jurisdiction" name="lulu_parent_jurisdiction" type="entityreference" lookupType="lulu_jurisdiction" customfield="true" />
      <field displayname="Payment Rule ID" name="lulu_paymentruleid" type="string" customfield="true" />
      <field displayname="ProvinceStateCode" name="lulu_provincestatecode" type="string" customfield="true" />
      <field displayname="Record Created On" name="overriddencreatedon" type="datetime" />
      <field displayname="Seller Organization Code" name="lulu_sellerorganizationcode" type="string" customfield="true" />
      <field displayname="Ship Node" name="lulu_shipnode" type="string" customfield="true" />
      <field displayname="Status" name="statecode" type="state" />
      <field displayname="Status Reason" name="statuscode" type="status" />
      <field displayname="Tax Name" name="lulu_tax_name" type="string" customfield="true" />
      <field displayname="Tax Rate" name="lulu_tax_rate" type="decimal" customfield="true" />
      <field displayname="Time Zone Rule Version Number" name="timezoneruleversionnumber" type="number" />
      <field displayname="UTC Conversion Time Zone Code" name="utcconversiontimezonecode" type="number" />
      <field displayname="Version Number" name="versionnumber" type="bigint" />
      <field displayname="Warehouse" name="lulu_site" type="entityreference" lookupType="site" customfield="true" />
    </fields>
    <relationships />
  </entity>
  <entity name="lulu_followupreason" displayname="Follow-up Reason" etc="10457" primaryidfield="lulu_followupreasonid" primarynamefield="lulu_name" disableplugins="false">
    <fields>
      <field displayname="Created By" name="createdby" type="entityreference" lookupType="systemuser" />
      <field displayname="Created By (Delegate)" name="createdonbehalfby" type="entityreference" lookupType="systemuser" />
      <field displayname="Created On" name="createdon" type="datetime" />
      <field displayname="Follow-up Reason" name="lulu_followupreasonid" type="guid" primaryKey="true" />
      <field displayname="Import Sequence Number" name="importsequencenumber" type="number" />
      <field displayname="Modified By" name="modifiedby" type="entityreference" lookupType="systemuser" />
      <field displayname="Modified By (Delegate)" name="modifiedonbehalfby" type="entityreference" lookupType="systemuser" />
      <field displayname="Modified On" name="modifiedon" type="datetime" />
      <field displayname="Name" name="lulu_name" type="string" customfield="true" />
      <field displayname="Organization Id" name="organizationid" type="entityreference" lookupType="organization" />
      <field displayname="Record Created On" name="overriddencreatedon" type="datetime" />
      <field displayname="Status" name="statecode" type="state" />
      <field displayname="Status Reason" name="statuscode" type="status" />
      <field displayname="Subtype" name="lulu_subtype" type="entityreference" lookupType="lulu_case_types" customfield="true" />
      <field displayname="Time Zone Rule Version Number" name="timezoneruleversionnumber" type="number" />
      <field displayname="UTC Conversion Time Zone Code" name="utcconversiontimezonecode" type="number" />
      <field displayname="Version Number" name="versionnumber" type="bigint" />
    </fields>
    <relationships />
  </entity>
  <entity name="lulu_return" displayname="Reason for Return" etc="10541" primaryidfield="lulu_returnid" primarynamefield="lulu_name" disableplugins="false">
    <fields>
      <field displayname="Case Subtype" name="lulu_case_subtype" type="entityreference" lookupType="lulu_case_types" customfield="true" />
      <field displayname="Code" name="lulu_code" type="string" customfield="true" />
      <field displayname="Created By" name="createdby" type="entityreference" lookupType="systemuser" />
      <field displayname="Created By (Delegate)" name="createdonbehalfby" type="entityreference" lookupType="systemuser" />
      <field displayname="Created On" name="createdon" type="datetime" />
      <field displayname="Import Sequence Number" name="importsequencenumber" type="number" />
      <field displayname="Modified By" name="modifiedby" type="entityreference" lookupType="systemuser" />
      <field displayname="Modified By (Delegate)" name="modifiedonbehalfby" type="entityreference" lookupType="systemuser" />
      <field displayname="Modified On" name="modifiedon" type="datetime" />
      <field displayname="Name" name="lulu_name" type="string" customfield="true" />
      <field displayname="Organization Id" name="organizationid" type="entityreference" lookupType="organization" />
      <field displayname="Record Created On" name="overriddencreatedon" type="datetime" />
      <field displayname="Return for Reason" name="lulu_returnid" type="guid" primaryKey="true" />
      <field displayname="Status" name="statecode" type="state" />
      <field displayname="Status Reason" name="statuscode" type="status" />
      <field displayname="Time Zone Rule Version Number" name="timezoneruleversionnumber" type="number" />
      <field displayname="UTC Conversion Time Zone Code" name="utcconversiontimezonecode" type="number" />
      <field displayname="Version Number" name="versionnumber" type="bigint" />
    </fields>
    <relationships />
  </entity>
  <entity name="lulu_qareasons" displayname="QA Reasons" etc="10451" primaryidfield="lulu_qareasonsid" primarynamefield="lulu_name" disableplugins="false">
    <fields>
      <field displayname="Case Subtype" name="lulu_casesubtype" type="entityreference" lookupType="lulu_case_types" customfield="true" />
      <field displayname="Code" name="lulu_code" type="string" customfield="true" />
      <field displayname="Created By" name="createdby" type="entityreference" lookupType="systemuser" />
      <field displayname="Created By (Delegate)" name="createdonbehalfby" type="entityreference" lookupType="systemuser" />
      <field displayname="Created On" name="createdon" type="datetime" />
      <field displayname="Description" name="lulu_description" type="string" customfield="true" />
      <field displayname="Import Sequence Number" name="importsequencenumber" type="number" />
      <field displayname="Modified By" name="modifiedby" type="entityreference" lookupType="systemuser" />
      <field displayname="Modified By (Delegate)" name="modifiedonbehalfby" type="entityreference" lookupType="systemuser" />
      <field displayname="Modified On" name="modifiedon" type="datetime" />
      <field displayname="Name" name="lulu_name" type="string" customfield="true" />
      <field displayname="Organization Id" name="organizationid" type="entityreference" lookupType="organization" />
      <field displayname="QA Reasons" name="lulu_qareasonsid" type="guid" primaryKey="true" />
      <field displayname="Record Created On" name="overriddencreatedon" type="datetime" />
      <field displayname="Status" name="statecode" type="state" />
      <field displayname="Status Reason" name="statuscode" type="status" />
      <field displayname="Time Zone Rule Version Number" name="timezoneruleversionnumber" type="number" />
      <field displayname="UTC Conversion Time Zone Code" name="utcconversiontimezonecode" type="number" />
      <field displayname="Version Number" name="versionnumber" type="bigint" />
    </fields>
    <relationships />
  </entity>
  <entity name="lulu_egift_card_reason_codes" displayname="eGift Card Reason Code" etc="10462" primaryidfield="lulu_egift_card_reason_codesid" primarynamefield="lulu_name" disableplugins="false">
    <fields>
      <field displayname="Created By" name="createdby" type="entityreference" lookupType="systemuser" />
      <field displayname="Created By (Delegate)" name="createdonbehalfby" type="entityreference" lookupType="systemuser" />
      <field displayname="Created On" name="createdon" type="datetime" />
      <field displayname="eGift Card Reason Code" name="lulu_egift_card_reason_codesid" type="guid" primaryKey="true" />
      <field displayname="Import Sequence Number" name="importsequencenumber" type="number" />
      <field displayname="Message" name="lulu_message" type="string" customfield="true" />
      <field displayname="Modified By" name="modifiedby" type="entityreference" lookupType="systemuser" />
      <field displayname="Modified By (Delegate)" name="modifiedonbehalfby" type="entityreference" lookupType="systemuser" />
      <field displayname="Modified On" name="modifiedon" type="datetime" />
      <field displayname="Notes" name="lulu_notes" type="string" customfield="true" />
      <field displayname="Owner" name="ownerid" type="owner" />
      <field displayname="Owning Business Unit" name="owningbusinessunit" type="entityreference" lookupType="businessunit" />
      <field displayname="Owning Team" name="owningteam" type="entityreference" lookupType="team" />
      <field displayname="Owning User" name="owninguser" type="entityreference" lookupType="systemuser" />
      <field displayname="Primary Reason" name="lulu_primary_reason" type="entityreference" lookupType="lulu_egift_card_reason_codes" customfield="true" />
      <field displayname="Reason" name="lulu_name" type="string" customfield="true" />
      <field displayname="Record Created On" name="overriddencreatedon" type="datetime" />
      <field displayname="Status" name="statecode" type="state" />
      <field displayname="Status Reason" name="statuscode" type="status" />
      <field displayname="Time Zone Rule Version Number" name="timezoneruleversionnumber" type="number" />
      <field displayname="UTC Conversion Time Zone Code" name="utcconversiontimezonecode" type="number" />
      <field displayname="Version Number" name="versionnumber" type="bigint" />
    </fields>
    <relationships />
  </entity>
</entities>