
<entities xmlns:xsd="http://www.w3.org/2001/XMLSchema" xmlns:xsi="http://www.w3.org/2001/XMLSchema-instance" timestamp="2021-08-17T20:01:34.0666901Z">
  <entity name="team" displayname="Team">
    <records>
      <record id="626839b2-74f4-eb11-94ef-000d3a5b353d">
        <field name="administratorid" value="a67046be-74b5-eb11-8236-0022480a01e3" lookupentity="systemuser" lookupentityname="Ravi Mandalapu" />
        <field name="businessunitid" value="b46946be-74b5-eb11-8236-0022480a01e3" lookupentity="businessunit" lookupentityname="gecdev" />
        <field name="createdby" value="9236ce40-39d6-eb11-bacb-00224804c7ac" lookupentity="systemuser" lookupentityname="King Yeung" />
        <field name="createdon" value="2021-08-03T16:06:09.0000000Z" />
        <field name="transactioncurrencyid" value="8b7d12d7-93b5-eb11-8236-0022480a01e3" lookupentity="transactioncurrency" lookupentityname="USD" />
        <field name="queueid" value="646839b2-74f4-eb11-94ef-000d3a5b353d" lookupentity="queue" lookupentityname="&lt;Programs Team, SeaWheeze&gt;" />
        <field name="exchangerate" value="1.0000000000" />
        <field name="isdefault" value="False" />
        <field name="systemmanaged" value="False" />
        <field name="modifiedby" value="2cdc3e84-0be5-451e-b99d-952d156085ae" lookupentity="systemuser" lookupentityname="SYSTEM" />
        <field name="modifiedonbehalfby" value="9236ce40-39d6-eb11-bacb-00224804c7ac" lookupentity="systemuser" lookupentityname="King Yeung" />
        <field name="modifiedon" value="2021-08-03T16:06:10.0000000Z" />
        <field name="teamid" value="626839b2-74f4-eb11-94ef-000d3a5b353d" />
        <field name="name" value="Programs Team, SeaWheeze" />
        <field name="teamtype" value="0" />
      </record>
    </records>
    <m2mrelationships>
      <m2mrelationship sourceid="626839b2-74f4-eb11-94ef-000d3a5b353d" targetentityname="role" targetentitynameidfield="roleid" m2mrelationshipname="teamroles">
        <targetids>
          <targetid>074ded28-0dd5-eb11-bacc-000d3a3b9083</targetid>
        </targetids>
      </m2mrelationship>
      <m2mrelationship sourceid="626839b2-74f4-eb11-94ef-000d3a5b353d" targetentityname="systemuser" targetentitynameidfield="systemuserid" m2mrelationshipname="teammembership">
        <targetids>
          <targetid>72b4baef-74d4-eb11-bacc-000d3a3b9da0</targetid>
        </targetids>
      </m2mrelationship>
    </m2mrelationships>
  </entity>
</entities>