<?xml version="1.0" encoding="UTF-8" standalone="yes"?>
<manifest>
  <control namespace="lulu.PCIPalIframe" constructor="PCIPalIframe" version="0.0.115" display-name-key="PCIPalIframe" description-key="PCIPalIframe description" control-type="standard" api-version="1.3.1">
    <property name="pcf_trigger" display-name-key="PCF_Trigger" description-key="PCF Trigger" of-type="TwoOptions" usage="bound" required="false"/>
    <property name="api_url_instance_name" display-name-key="Dataverse URL API Instance Name" description-key="Dataverse instance name defined in the API URL " of-type="SingleLine.Text" usage="input" required="false"/>
    <property name="incident_id" display-name-key="Incident ID" description-key="Value of the actual incident where the sesion must be display" of-type="SingleLine.Text" usage="input" required="false"/>
    <resources>
      <code path="bundle.js" order="1"/>
      <css path="css/PCIPalIframe.css" order="1"/>
      <resx path="strings/PCIPalIframe.1033.resx" version="1.0.0"/>
    </resources>
    <feature-usage>
      <uses-feature name="Utility" required="true"/>
      <uses-feature name="WebAPI" required="true"/>
    </feature-usage>
    <built-by name="pac" version="1.6.6"/>
  </control>
</manifest>