
<entities xmlns:xsd="http://www.w3.org/2001/XMLSchema" xmlns:xsi="http://www.w3.org/2001/XMLSchema-instance" timestamp="2021-08-18T23:44:44.0772790Z">
  <entity name="lulu_egift_card_reason_codes" displayname="eGift Card Reason Code">
    <records>
      <record id="b37c17c8-03fa-eb11-94ef-000d3a5b341f">
        <field name="createdby" value="f6473291-f0ee-eb11-bacb-00224809a0e0" lookupentity="systemuser" lookupentityname="Noor Sabri" />
        <field name="createdon" value="2021-08-10T17:52:58.0000000Z" />
        <field name="lulu_egift_card_reason_codesid" value="b37c17c8-03fa-eb11-94ef-000d3a5b341f" />
        <field name="modifiedby" value="f6473291-f0ee-eb11-bacb-00224809a0e0" lookupentity="systemuser" lookupentityname="Noor Sabri" />
        <field name="modifiedon" value="2021-08-10T17:52:58.0000000Z" />
        <field name="ownerid" value="f6473291-f0ee-eb11-bacb-00224809a0e0" lookupentity="systemuser" lookupentityname="Noor Sabri" />
        <field name="owningbusinessunit" value="b46946be-74b5-eb11-8236-0022480a01e3" lookupentity="businessunit" />
        <field name="owninguser" value="f6473291-f0ee-eb11-bacb-00224809a0e0" lookupentity="systemuser" />
        <field name="lulu_primary_reason" value="bd6ec393-dcef-eb11-bacb-00224809a0e0" lookupentity="lulu_egift_card_reason_codes" lookupentityname="DC Error" />
        <field name="lulu_name" value="Out of Shipping SLA - X-Border" />
        <field name="statecode" value="0" />
        <field name="statuscode" value="1" />
      </record>
      <record id="7de1bd6f-04fa-eb11-94ef-000d3a5b341f">
        <field name="createdby" value="f6473291-f0ee-eb11-bacb-00224809a0e0" lookupentity="systemuser" lookupentityname="Noor Sabri" />
        <field name="createdon" value="2021-08-10T17:57:41.0000000Z" />
        <field name="lulu_egift_card_reason_codesid" value="7de1bd6f-04fa-eb11-94ef-000d3a5b341f" />
        <field name="modifiedby" value="f6473291-f0ee-eb11-bacb-00224809a0e0" lookupentity="systemuser" lookupentityname="Noor Sabri" />
        <field name="modifiedon" value="2021-08-10T17:57:41.0000000Z" />
        <field name="ownerid" value="f6473291-f0ee-eb11-bacb-00224809a0e0" lookupentity="systemuser" lookupentityname="Noor Sabri" />
        <field name="owningbusinessunit" value="b46946be-74b5-eb11-8236-0022480a01e3" lookupentity="businessunit" />
        <field name="owninguser" value="f6473291-f0ee-eb11-bacb-00224809a0e0" lookupentity="systemuser" />
        <field name="lulu_primary_reason" value="bd6ec393-dcef-eb11-bacb-00224809a0e0" lookupentity="lulu_egift_card_reason_codes" lookupentityname="DC Error" />
        <field name="lulu_name" value="Out of Return Processing SLA" />
        <field name="statecode" value="0" />
        <field name="statuscode" value="1" />
      </record>
      <record id="27cc727d-05fa-eb11-94ef-000d3a5b341f">
        <field name="createdby" value="f6473291-f0ee-eb11-bacb-00224809a0e0" lookupentity="systemuser" lookupentityname="Noor Sabri" />
        <field name="createdon" value="2021-08-10T18:05:14.0000000Z" />
        <field name="lulu_egift_card_reason_codesid" value="27cc727d-05fa-eb11-94ef-000d3a5b341f" />
        <field name="lulu_message" value="Here is your gift card from us regarding your recent experience. We hope you enjoy spending it as much as we enjoy providing technical gear for you to sweat in!" />
        <field name="modifiedby" value="ed1e6f9b-b3b8-eb11-8236-000d3a595dd5" lookupentity="systemuser" lookupentityname="Sergio Hernandez" />
        <field name="modifiedon" value="2021-08-17T18:11:53.0000000Z" />
        <field name="ownerid" value="f6473291-f0ee-eb11-bacb-00224809a0e0" lookupentity="systemuser" lookupentityname="Noor Sabri" />
        <field name="owningbusinessunit" value="b46946be-74b5-eb11-8236-0022480a01e3" lookupentity="businessunit" />
        <field name="owninguser" value="f6473291-f0ee-eb11-bacb-00224809a0e0" lookupentity="systemuser" />
        <field name="lulu_name" value="GEC Error and or Educator Error" />
        <field name="statecode" value="0" />
        <field name="statuscode" value="1" />
      </record>
      <record id="6e696bb3-05fa-eb11-94ef-000d3a5b341f">
        <field name="createdby" value="f6473291-f0ee-eb11-bacb-00224809a0e0" lookupentity="systemuser" lookupentityname="Noor Sabri" />
        <field name="createdon" value="2021-08-10T18:06:36.0000000Z" />
        <field name="lulu_egift_card_reason_codesid" value="6e696bb3-05fa-eb11-94ef-000d3a5b341f" />
        <field name="modifiedby" value="f6473291-f0ee-eb11-bacb-00224809a0e0" lookupentity="systemuser" lookupentityname="Noor Sabri" />
        <field name="modifiedon" value="2021-08-10T18:06:36.0000000Z" />
        <field name="ownerid" value="f6473291-f0ee-eb11-bacb-00224809a0e0" lookupentity="systemuser" lookupentityname="Noor Sabri" />
        <field name="owningbusinessunit" value="b46946be-74b5-eb11-8236-0022480a01e3" lookupentity="businessunit" />
        <field name="owninguser" value="f6473291-f0ee-eb11-bacb-00224809a0e0" lookupentity="systemuser" />
        <field name="lulu_primary_reason" value="27cc727d-05fa-eb11-94ef-000d3a5b341f" lookupentity="lulu_egift_card_reason_codes" lookupentityname="GEC Error and or Educator Error" />
        <field name="lulu_name" value="Task Set-Up Mistake" />
        <field name="statecode" value="0" />
        <field name="statuscode" value="1" />
      </record>
      <record id="477f63bf-05fa-eb11-94ef-000d3a5b341f">
        <field name="createdby" value="f6473291-f0ee-eb11-bacb-00224809a0e0" lookupentity="systemuser" lookupentityname="Noor Sabri" />
        <field name="createdon" value="2021-08-10T18:07:03.0000000Z" />
        <field name="lulu_egift_card_reason_codesid" value="477f63bf-05fa-eb11-94ef-000d3a5b341f" />
        <field name="modifiedby" value="f6473291-f0ee-eb11-bacb-00224809a0e0" lookupentity="systemuser" lookupentityname="Noor Sabri" />
        <field name="modifiedon" value="2021-08-10T18:07:03.0000000Z" />
        <field name="ownerid" value="f6473291-f0ee-eb11-bacb-00224809a0e0" lookupentity="systemuser" lookupentityname="Noor Sabri" />
        <field name="owningbusinessunit" value="b46946be-74b5-eb11-8236-0022480a01e3" lookupentity="businessunit" />
        <field name="owninguser" value="f6473291-f0ee-eb11-bacb-00224809a0e0" lookupentity="systemuser" />
        <field name="lulu_primary_reason" value="27cc727d-05fa-eb11-94ef-000d3a5b341f" lookupentity="lulu_egift_card_reason_codes" lookupentityname="GEC Error and or Educator Error" />
        <field name="lulu_name" value="Guest missed reply timelines" />
        <field name="statecode" value="0" />
        <field name="statuscode" value="1" />
      </record>
      <record id="2ea776d7-05fa-eb11-94ef-000d3a5b341f">
        <field name="createdby" value="f6473291-f0ee-eb11-bacb-00224809a0e0" lookupentity="systemuser" lookupentityname="Noor Sabri" />
        <field name="createdon" value="2021-08-10T18:07:45.0000000Z" />
        <field name="lulu_egift_card_reason_codesid" value="2ea776d7-05fa-eb11-94ef-000d3a5b341f" />
        <field name="modifiedby" value="f6473291-f0ee-eb11-bacb-00224809a0e0" lookupentity="systemuser" lookupentityname="Noor Sabri" />
        <field name="modifiedon" value="2021-08-10T18:07:45.0000000Z" />
        <field name="ownerid" value="f6473291-f0ee-eb11-bacb-00224809a0e0" lookupentity="systemuser" lookupentityname="Noor Sabri" />
        <field name="owningbusinessunit" value="b46946be-74b5-eb11-8236-0022480a01e3" lookupentity="businessunit" />
        <field name="owninguser" value="f6473291-f0ee-eb11-bacb-00224809a0e0" lookupentity="systemuser" />
        <field name="lulu_primary_reason" value="27cc727d-05fa-eb11-94ef-000d3a5b341f" lookupentity="lulu_egift_card_reason_codes" lookupentityname="GEC Error and or Educator Error" />
        <field name="lulu_name" value="Incorrect Education" />
        <field name="statecode" value="0" />
        <field name="statuscode" value="1" />
      </record>
      <record id="082cf1a5-0bfa-eb11-94ef-000d3a5b341f">
        <field name="createdby" value="f6473291-f0ee-eb11-bacb-00224809a0e0" lookupentity="systemuser" lookupentityname="Noor Sabri" />
        <field name="createdon" value="2021-08-10T18:49:20.0000000Z" />
        <field name="lulu_egift_card_reason_codesid" value="082cf1a5-0bfa-eb11-94ef-000d3a5b341f" />
        <field name="modifiedby" value="f6473291-f0ee-eb11-bacb-00224809a0e0" lookupentity="systemuser" lookupentityname="Noor Sabri" />
        <field name="modifiedon" value="2021-08-10T18:49:20.0000000Z" />
        <field name="ownerid" value="f6473291-f0ee-eb11-bacb-00224809a0e0" lookupentity="systemuser" lookupentityname="Noor Sabri" />
        <field name="owningbusinessunit" value="b46946be-74b5-eb11-8236-0022480a01e3" lookupentity="businessunit" />
        <field name="owninguser" value="f6473291-f0ee-eb11-bacb-00224809a0e0" lookupentity="systemuser" />
        <field name="lulu_primary_reason" value="bcae9a68-dcef-eb11-bacb-00224809a0e0" lookupentity="lulu_egift_card_reason_codes" lookupentityname="Reimbursement" />
        <field name="lulu_name" value="Tax Error" />
        <field name="statecode" value="0" />
        <field name="statuscode" value="1" />
      </record>
      <record id="bc6bffb1-0bfa-eb11-94ef-000d3a5b341f">
        <field name="createdby" value="f6473291-f0ee-eb11-bacb-00224809a0e0" lookupentity="systemuser" lookupentityname="Noor Sabri" />
        <field name="createdon" value="2021-08-10T18:49:37.0000000Z" />
        <field name="lulu_egift_card_reason_codesid" value="bc6bffb1-0bfa-eb11-94ef-000d3a5b341f" />
        <field name="modifiedby" value="f6473291-f0ee-eb11-bacb-00224809a0e0" lookupentity="systemuser" lookupentityname="Noor Sabri" />
        <field name="modifiedon" value="2021-08-10T18:49:37.0000000Z" />
        <field name="ownerid" value="f6473291-f0ee-eb11-bacb-00224809a0e0" lookupentity="systemuser" lookupentityname="Noor Sabri" />
        <field name="owningbusinessunit" value="b46946be-74b5-eb11-8236-0022480a01e3" lookupentity="businessunit" />
        <field name="owninguser" value="f6473291-f0ee-eb11-bacb-00224809a0e0" lookupentity="systemuser" />
        <field name="lulu_primary_reason" value="bcae9a68-dcef-eb11-bacb-00224809a0e0" lookupentity="lulu_egift_card_reason_codes" lookupentityname="Reimbursement" />
        <field name="lulu_name" value="Shipping label" />
        <field name="statecode" value="0" />
        <field name="statuscode" value="1" />
      </record>
      <record id="0cefab7f-0dfa-eb11-94ef-000d3a5b341f">
        <field name="createdby" value="f6473291-f0ee-eb11-bacb-00224809a0e0" lookupentity="systemuser" lookupentityname="Noor Sabri" />
        <field name="createdon" value="2021-08-10T19:02:29.0000000Z" />
        <field name="lulu_egift_card_reason_codesid" value="0cefab7f-0dfa-eb11-94ef-000d3a5b341f" />
        <field name="modifiedby" value="f6473291-f0ee-eb11-bacb-00224809a0e0" lookupentity="systemuser" lookupentityname="Noor Sabri" />
        <field name="modifiedon" value="2021-08-10T19:02:29.0000000Z" />
        <field name="ownerid" value="f6473291-f0ee-eb11-bacb-00224809a0e0" lookupentity="systemuser" lookupentityname="Noor Sabri" />
        <field name="owningbusinessunit" value="b46946be-74b5-eb11-8236-0022480a01e3" lookupentity="businessunit" />
        <field name="owninguser" value="f6473291-f0ee-eb11-bacb-00224809a0e0" lookupentity="systemuser" />
        <field name="lulu_primary_reason" value="4fb684ed-dcef-eb11-bacb-00224809a0e0" lookupentity="lulu_egift_card_reason_codes" lookupentityname="Shipping Error" />
        <field name="lulu_name" value="Return to Sender" />
        <field name="statecode" value="0" />
        <field name="statuscode" value="1" />
      </record>
      <record id="16e97027-0efa-eb11-94ef-000d3a5b341f">
        <field name="createdby" value="f6473291-f0ee-eb11-bacb-00224809a0e0" lookupentity="systemuser" lookupentityname="Noor Sabri" />
        <field name="createdon" value="2021-08-10T19:07:09.0000000Z" />
        <field name="lulu_egift_card_reason_codesid" value="16e97027-0efa-eb11-94ef-000d3a5b341f" />
        <field name="modifiedby" value="84ba7f7f-a3d4-eb11-bacc-000d3a3b9da0" lookupentity="systemuser" lookupentityname="Anish Maurya" />
        <field name="modifiedon" value="2021-08-13T13:32:07.0000000Z" />
        <field name="ownerid" value="f6473291-f0ee-eb11-bacb-00224809a0e0" lookupentity="systemuser" lookupentityname="Noor Sabri" />
        <field name="owningbusinessunit" value="b46946be-74b5-eb11-8236-0022480a01e3" lookupentity="businessunit" />
        <field name="owninguser" value="f6473291-f0ee-eb11-bacb-00224809a0e0" lookupentity="systemuser" />
        <field name="lulu_primary_reason" value="f28a39a0-dcef-eb11-bacb-00224809a0e0" lookupentity="lulu_egift_card_reason_codes" lookupentityname="Guest Experience for Performance Issue" />
        <field name="lulu_name" value="GE for rejected returns" />
        <field name="statecode" value="0" />
        <field name="statuscode" value="1" />
      </record>
      <record id="4d00713f-0efa-eb11-94ef-000d3a5b341f">
        <field name="createdby" value="f6473291-f0ee-eb11-bacb-00224809a0e0" lookupentity="systemuser" lookupentityname="Noor Sabri" />
        <field name="createdon" value="2021-08-10T19:07:48.0000000Z" />
        <field name="lulu_egift_card_reason_codesid" value="4d00713f-0efa-eb11-94ef-000d3a5b341f" />
        <field name="modifiedby" value="84ba7f7f-a3d4-eb11-bacc-000d3a3b9da0" lookupentity="systemuser" lookupentityname="Anish Maurya" />
        <field name="modifiedon" value="2021-08-13T13:32:32.0000000Z" />
        <field name="ownerid" value="f6473291-f0ee-eb11-bacb-00224809a0e0" lookupentity="systemuser" lookupentityname="Noor Sabri" />
        <field name="owningbusinessunit" value="b46946be-74b5-eb11-8236-0022480a01e3" lookupentity="businessunit" />
        <field name="owninguser" value="f6473291-f0ee-eb11-bacb-00224809a0e0" lookupentity="systemuser" />
        <field name="lulu_primary_reason" value="f28a39a0-dcef-eb11-bacb-00224809a0e0" lookupentity="lulu_egift_card_reason_codes" lookupentityname="Guest Experience for Performance Issue" />
        <field name="lulu_name" value="GE for design feedback" />
        <field name="statecode" value="0" />
        <field name="statuscode" value="1" />
      </record>
      <record id="350d6169-0efa-eb11-94ef-000d3a5b341f">
        <field name="createdby" value="f6473291-f0ee-eb11-bacb-00224809a0e0" lookupentity="systemuser" lookupentityname="Noor Sabri" />
        <field name="createdon" value="2021-08-10T19:09:05.0000000Z" />
        <field name="lulu_egift_card_reason_codesid" value="350d6169-0efa-eb11-94ef-000d3a5b341f" />
        <field name="modifiedby" value="84ba7f7f-a3d4-eb11-bacc-000d3a3b9da0" lookupentity="systemuser" lookupentityname="Anish Maurya" />
        <field name="modifiedon" value="2021-08-13T13:34:04.0000000Z" />
        <field name="ownerid" value="f6473291-f0ee-eb11-bacb-00224809a0e0" lookupentity="systemuser" lookupentityname="Noor Sabri" />
        <field name="owningbusinessunit" value="b46946be-74b5-eb11-8236-0022480a01e3" lookupentity="businessunit" />
        <field name="owninguser" value="f6473291-f0ee-eb11-bacb-00224809a0e0" lookupentity="systemuser" />
        <field name="lulu_primary_reason" value="688f34f7-dcef-eb11-bacb-00224809a0e0" lookupentity="lulu_egift_card_reason_codes" lookupentityname="Store Experience" />
        <field name="lulu_name" value="Hemming issues" />
        <field name="statecode" value="0" />
        <field name="statuscode" value="1" />
      </record>
      <record id="35f94a1d-0ffa-eb11-94ef-000d3a5b341f">
        <field name="createdby" value="f6473291-f0ee-eb11-bacb-00224809a0e0" lookupentity="systemuser" lookupentityname="Noor Sabri" />
        <field name="createdon" value="2021-08-10T19:14:02.0000000Z" />
        <field name="lulu_egift_card_reason_codesid" value="35f94a1d-0ffa-eb11-94ef-000d3a5b341f" />
        <field name="modifiedby" value="84ba7f7f-a3d4-eb11-bacc-000d3a3b9da0" lookupentity="systemuser" lookupentityname="Anish Maurya" />
        <field name="modifiedon" value="2021-08-13T13:35:17.0000000Z" />
        <field name="ownerid" value="f6473291-f0ee-eb11-bacb-00224809a0e0" lookupentity="systemuser" lookupentityname="Noor Sabri" />
        <field name="owningbusinessunit" value="b46946be-74b5-eb11-8236-0022480a01e3" lookupentity="businessunit" />
        <field name="owninguser" value="f6473291-f0ee-eb11-bacb-00224809a0e0" lookupentity="systemuser" />
        <field name="lulu_primary_reason" value="bbd2250d-ddef-eb11-bacb-00224809a0e0" lookupentity="lulu_egift_card_reason_codes" lookupentityname="System error" />
        <field name="lulu_name" value="Unable to add item to cart" />
        <field name="statecode" value="0" />
        <field name="statuscode" value="1" />
      </record>
      <record id="ed212b6f-0ffa-eb11-94ef-000d3a5b341f">
        <field name="createdby" value="f6473291-f0ee-eb11-bacb-00224809a0e0" lookupentity="systemuser" lookupentityname="Noor Sabri" />
        <field name="createdon" value="2021-08-10T19:16:17.0000000Z" />
        <field name="lulu_egift_card_reason_codesid" value="ed212b6f-0ffa-eb11-94ef-000d3a5b341f" />
        <field name="modifiedby" value="84ba7f7f-a3d4-eb11-bacc-000d3a3b9da0" lookupentity="systemuser" lookupentityname="Anish Maurya" />
        <field name="modifiedon" value="2021-08-13T13:35:04.0000000Z" />
        <field name="ownerid" value="f6473291-f0ee-eb11-bacb-00224809a0e0" lookupentity="systemuser" lookupentityname="Noor Sabri" />
        <field name="owningbusinessunit" value="b46946be-74b5-eb11-8236-0022480a01e3" lookupentity="businessunit" />
        <field name="owninguser" value="f6473291-f0ee-eb11-bacb-00224809a0e0" lookupentity="systemuser" />
        <field name="lulu_primary_reason" value="bbd2250d-ddef-eb11-bacb-00224809a0e0" lookupentity="lulu_egift_card_reason_codes" lookupentityname="System error" />
        <field name="lulu_name" value="Error when submitting return" />
        <field name="statecode" value="0" />
        <field name="statuscode" value="1" />
      </record>
      <record id="21bc5b76-0ffa-eb11-94ef-000d3a5b341f">
        <field name="createdby" value="f6473291-f0ee-eb11-bacb-00224809a0e0" lookupentity="systemuser" lookupentityname="Noor Sabri" />
        <field name="createdon" value="2021-08-10T19:16:38.0000000Z" />
        <field name="lulu_egift_card_reason_codesid" value="21bc5b76-0ffa-eb11-94ef-000d3a5b341f" />
        <field name="modifiedby" value="f6473291-f0ee-eb11-bacb-00224809a0e0" lookupentity="systemuser" lookupentityname="Noor Sabri" />
        <field name="modifiedon" value="2021-08-10T19:16:38.0000000Z" />
        <field name="ownerid" value="f6473291-f0ee-eb11-bacb-00224809a0e0" lookupentity="systemuser" lookupentityname="Noor Sabri" />
        <field name="owningbusinessunit" value="b46946be-74b5-eb11-8236-0022480a01e3" lookupentity="businessunit" />
        <field name="owninguser" value="f6473291-f0ee-eb11-bacb-00224809a0e0" lookupentity="systemuser" />
        <field name="lulu_primary_reason" value="bbd2250d-ddef-eb11-bacb-00224809a0e0" lookupentity="lulu_egift_card_reason_codes" lookupentityname="System error" />
        <field name="lulu_name" value="Pre-authorization" />
        <field name="statecode" value="0" />
        <field name="statuscode" value="1" />
      </record>
      <record id="5d311dcf-0ffa-eb11-94ef-000d3a5b341f">
        <field name="createdby" value="f6473291-f0ee-eb11-bacb-00224809a0e0" lookupentity="systemuser" lookupentityname="Noor Sabri" />
        <field name="createdon" value="2021-08-10T19:19:04.0000000Z" />
        <field name="lulu_egift_card_reason_codesid" value="5d311dcf-0ffa-eb11-94ef-000d3a5b341f" />
        <field name="lulu_message" value="Here is your gift card from us regarding your recent experience. We hope you enjoy spending it as much as we enjoy providing technical gear for you to sweat in!" />
        <field name="modifiedby" value="84ba7f7f-a3d4-eb11-bacc-000d3a3b9da0" lookupentity="systemuser" lookupentityname="Anish Maurya" />
        <field name="modifiedon" value="2021-08-18T23:44:08.0000000Z" />
        <field name="ownerid" value="f6473291-f0ee-eb11-bacb-00224809a0e0" lookupentity="systemuser" lookupentityname="Noor Sabri" />
        <field name="owningbusinessunit" value="b46946be-74b5-eb11-8236-0022480a01e3" lookupentity="businessunit" />
        <field name="owninguser" value="f6473291-f0ee-eb11-bacb-00224809a0e0" lookupentity="systemuser" />
        <field name="lulu_name" value="RS Special Case" />
        <field name="statecode" value="0" />
        <field name="statuscode" value="1" />
      </record>
      <record id="b74382e1-0ffa-eb11-94ef-000d3a5b341f">
        <field name="createdby" value="f6473291-f0ee-eb11-bacb-00224809a0e0" lookupentity="systemuser" lookupentityname="Noor Sabri" />
        <field name="createdon" value="2021-08-10T19:19:29.0000000Z" />
        <field name="lulu_egift_card_reason_codesid" value="b74382e1-0ffa-eb11-94ef-000d3a5b341f" />
        <field name="modifiedby" value="84ba7f7f-a3d4-eb11-bacc-000d3a3b9da0" lookupentity="systemuser" lookupentityname="Anish Maurya" />
        <field name="modifiedon" value="2021-08-13T13:35:40.0000000Z" />
        <field name="ownerid" value="f6473291-f0ee-eb11-bacb-00224809a0e0" lookupentity="systemuser" lookupentityname="Noor Sabri" />
        <field name="owningbusinessunit" value="b46946be-74b5-eb11-8236-0022480a01e3" lookupentity="businessunit" />
        <field name="owninguser" value="f6473291-f0ee-eb11-bacb-00224809a0e0" lookupentity="systemuser" />
        <field name="lulu_primary_reason" value="5d311dcf-0ffa-eb11-94ef-000d3a5b341f" lookupentity="lulu_egift_card_reason_codes" lookupentityname="RS Special Case" />
        <field name="lulu_name" value="RS appeasement" />
        <field name="statecode" value="0" />
        <field name="statuscode" value="1" />
      </record>
      <record id="3f968ef3-0ffa-eb11-94ef-000d3a5b341f">
        <field name="createdby" value="f6473291-f0ee-eb11-bacb-00224809a0e0" lookupentity="systemuser" lookupentityname="Noor Sabri" />
        <field name="createdon" value="2021-08-10T19:20:03.0000000Z" />
        <field name="lulu_egift_card_reason_codesid" value="3f968ef3-0ffa-eb11-94ef-000d3a5b341f" />
        <field name="lulu_message" value="Word around town is that you are a pretty cool cat! We hope you enjoy spending this eGift Card as much as we enjoy providing technical gear for you to sweat in!" />
        <field name="modifiedby" value="ed1e6f9b-b3b8-eb11-8236-000d3a595dd5" lookupentity="systemuser" lookupentityname="Sergio Hernandez" />
        <field name="modifiedon" value="2021-08-17T18:11:53.0000000Z" />
        <field name="ownerid" value="f6473291-f0ee-eb11-bacb-00224809a0e0" lookupentity="systemuser" lookupentityname="Noor Sabri" />
        <field name="owningbusinessunit" value="b46946be-74b5-eb11-8236-0022480a01e3" lookupentity="businessunit" />
        <field name="owninguser" value="f6473291-f0ee-eb11-bacb-00224809a0e0" lookupentity="systemuser" />
        <field name="lulu_name" value="Surprise and delight" />
        <field name="statecode" value="0" />
        <field name="statuscode" value="1" />
      </record>
      <record id="e3a8e005-10fa-eb11-94ef-000d3a5b341f">
        <field name="createdby" value="f6473291-f0ee-eb11-bacb-00224809a0e0" lookupentity="systemuser" lookupentityname="Noor Sabri" />
        <field name="createdon" value="2021-08-10T19:20:30.0000000Z" />
        <field name="lulu_egift_card_reason_codesid" value="e3a8e005-10fa-eb11-94ef-000d3a5b341f" />
        <field name="modifiedby" value="84ba7f7f-a3d4-eb11-bacc-000d3a3b9da0" lookupentity="systemuser" lookupentityname="Anish Maurya" />
        <field name="modifiedon" value="2021-08-13T13:36:46.0000000Z" />
        <field name="ownerid" value="f6473291-f0ee-eb11-bacb-00224809a0e0" lookupentity="systemuser" lookupentityname="Noor Sabri" />
        <field name="owningbusinessunit" value="b46946be-74b5-eb11-8236-0022480a01e3" lookupentity="businessunit" />
        <field name="owninguser" value="f6473291-f0ee-eb11-bacb-00224809a0e0" lookupentity="systemuser" />
        <field name="lulu_primary_reason" value="3f968ef3-0ffa-eb11-94ef-000d3a5b341f" lookupentity="lulu_egift_card_reason_codes" lookupentityname="Surprise and delight" />
        <field name="lulu_name" value="Surprise and delight" />
        <field name="statecode" value="0" />
        <field name="statuscode" value="1" />
      </record>
      <record id="a2e85024-10fa-eb11-94ef-000d3a5b341f">
        <field name="createdby" value="f6473291-f0ee-eb11-bacb-00224809a0e0" lookupentity="systemuser" lookupentityname="Noor Sabri" />
        <field name="createdon" value="2021-08-10T19:21:21.0000000Z" />
        <field name="lulu_egift_card_reason_codesid" value="a2e85024-10fa-eb11-94ef-000d3a5b341f" />
        <field name="lulu_message" value="Here is your gift card from us regarding your recent experience. We hope you enjoy spending it as much as we enjoy providing technical gear for you to sweat in!" />
        <field name="modifiedby" value="ed1e6f9b-b3b8-eb11-8236-000d3a595dd5" lookupentity="systemuser" lookupentityname="Sergio Hernandez" />
        <field name="modifiedon" value="2021-08-17T18:11:53.0000000Z" />
        <field name="ownerid" value="f6473291-f0ee-eb11-bacb-00224809a0e0" lookupentity="systemuser" lookupentityname="Noor Sabri" />
        <field name="owningbusinessunit" value="b46946be-74b5-eb11-8236-0022480a01e3" lookupentity="businessunit" />
        <field name="owninguser" value="f6473291-f0ee-eb11-bacb-00224809a0e0" lookupentity="systemuser" />
        <field name="lulu_name" value="Guest Experience" />
        <field name="statecode" value="0" />
        <field name="statuscode" value="1" />
      </record>
      <record id="b3295236-10fa-eb11-94ef-000d3a5b341f">
        <field name="createdby" value="f6473291-f0ee-eb11-bacb-00224809a0e0" lookupentity="systemuser" lookupentityname="Noor Sabri" />
        <field name="createdon" value="2021-08-10T19:21:56.0000000Z" />
        <field name="lulu_egift_card_reason_codesid" value="b3295236-10fa-eb11-94ef-000d3a5b341f" />
        <field name="modifiedby" value="84ba7f7f-a3d4-eb11-bacc-000d3a3b9da0" lookupentity="systemuser" lookupentityname="Anish Maurya" />
        <field name="modifiedon" value="2021-08-13T13:37:28.0000000Z" />
        <field name="ownerid" value="f6473291-f0ee-eb11-bacb-00224809a0e0" lookupentity="systemuser" lookupentityname="Noor Sabri" />
        <field name="owningbusinessunit" value="b46946be-74b5-eb11-8236-0022480a01e3" lookupentity="businessunit" />
        <field name="owninguser" value="f6473291-f0ee-eb11-bacb-00224809a0e0" lookupentity="systemuser" />
        <field name="lulu_primary_reason" value="a2e85024-10fa-eb11-94ef-000d3a5b341f" lookupentity="lulu_egift_card_reason_codes" lookupentityname="Guest Experience" />
        <field name="lulu_name" value="Item is out of stock" />
        <field name="statecode" value="0" />
        <field name="statuscode" value="1" />
      </record>
      <record id="089a584f-10fa-eb11-94ef-000d3a5b341f">
        <field name="createdby" value="f6473291-f0ee-eb11-bacb-00224809a0e0" lookupentity="systemuser" lookupentityname="Noor Sabri" />
        <field name="createdon" value="2021-08-10T19:22:33.0000000Z" />
        <field name="lulu_egift_card_reason_codesid" value="089a584f-10fa-eb11-94ef-000d3a5b341f" />
        <field name="modifiedby" value="f6473291-f0ee-eb11-bacb-00224809a0e0" lookupentity="systemuser" lookupentityname="Noor Sabri" />
        <field name="modifiedon" value="2021-08-10T19:22:33.0000000Z" />
        <field name="ownerid" value="f6473291-f0ee-eb11-bacb-00224809a0e0" lookupentity="systemuser" lookupentityname="Noor Sabri" />
        <field name="owningbusinessunit" value="b46946be-74b5-eb11-8236-0022480a01e3" lookupentity="businessunit" />
        <field name="owninguser" value="f6473291-f0ee-eb11-bacb-00224809a0e0" lookupentity="systemuser" />
        <field name="lulu_primary_reason" value="a2e85024-10fa-eb11-94ef-000d3a5b341f" lookupentity="lulu_egift_card_reason_codes" lookupentityname="Guest Experience" />
        <field name="lulu_name" value="Sweat Collective" />
        <field name="statecode" value="0" />
        <field name="statuscode" value="1" />
      </record>
      <record id="74fa4f56-10fa-eb11-94ef-000d3a5b341f">
        <field name="createdby" value="f6473291-f0ee-eb11-bacb-00224809a0e0" lookupentity="systemuser" lookupentityname="Noor Sabri" />
        <field name="createdon" value="2021-08-10T19:22:50.0000000Z" />
        <field name="lulu_egift_card_reason_codesid" value="74fa4f56-10fa-eb11-94ef-000d3a5b341f" />
        <field name="modifiedby" value="f6473291-f0ee-eb11-bacb-00224809a0e0" lookupentity="systemuser" lookupentityname="Noor Sabri" />
        <field name="modifiedon" value="2021-08-10T19:22:50.0000000Z" />
        <field name="ownerid" value="f6473291-f0ee-eb11-bacb-00224809a0e0" lookupentity="systemuser" lookupentityname="Noor Sabri" />
        <field name="owningbusinessunit" value="b46946be-74b5-eb11-8236-0022480a01e3" lookupentity="businessunit" />
        <field name="owninguser" value="f6473291-f0ee-eb11-bacb-00224809a0e0" lookupentity="systemuser" />
        <field name="lulu_primary_reason" value="a2e85024-10fa-eb11-94ef-000d3a5b341f" lookupentity="lulu_egift_card_reason_codes" lookupentityname="Guest Experience" />
        <field name="lulu_name" value="First Responder" />
        <field name="statecode" value="0" />
        <field name="statuscode" value="1" />
      </record>
      <record id="8f7a2d6a-10fa-eb11-94ef-000d3a5b341f">
        <field name="createdby" value="f6473291-f0ee-eb11-bacb-00224809a0e0" lookupentity="systemuser" lookupentityname="Noor Sabri" />
        <field name="createdon" value="2021-08-10T19:23:26.0000000Z" />
        <field name="lulu_egift_card_reason_codesid" value="8f7a2d6a-10fa-eb11-94ef-000d3a5b341f" />
        <field name="modifiedby" value="f6473291-f0ee-eb11-bacb-00224809a0e0" lookupentity="systemuser" lookupentityname="Noor Sabri" />
        <field name="modifiedon" value="2021-08-10T19:23:26.0000000Z" />
        <field name="ownerid" value="f6473291-f0ee-eb11-bacb-00224809a0e0" lookupentity="systemuser" lookupentityname="Noor Sabri" />
        <field name="owningbusinessunit" value="b46946be-74b5-eb11-8236-0022480a01e3" lookupentity="businessunit" />
        <field name="owninguser" value="f6473291-f0ee-eb11-bacb-00224809a0e0" lookupentity="systemuser" />
        <field name="lulu_primary_reason" value="a2e85024-10fa-eb11-94ef-000d3a5b341f" lookupentity="lulu_egift_card_reason_codes" lookupentityname="Guest Experience" />
        <field name="lulu_name" value="Military" />
        <field name="statecode" value="0" />
        <field name="statuscode" value="1" />
      </record>
      <record id="8ed34078-10fa-eb11-94ef-000d3a5b341f">
        <field name="createdby" value="f6473291-f0ee-eb11-bacb-00224809a0e0" lookupentity="systemuser" lookupentityname="Noor Sabri" />
        <field name="createdon" value="2021-08-10T19:23:42.0000000Z" />
        <field name="lulu_egift_card_reason_codesid" value="8ed34078-10fa-eb11-94ef-000d3a5b341f" />
        <field name="modifiedby" value="f6473291-f0ee-eb11-bacb-00224809a0e0" lookupentity="systemuser" lookupentityname="Noor Sabri" />
        <field name="modifiedon" value="2021-08-10T19:23:42.0000000Z" />
        <field name="ownerid" value="f6473291-f0ee-eb11-bacb-00224809a0e0" lookupentity="systemuser" lookupentityname="Noor Sabri" />
        <field name="owningbusinessunit" value="b46946be-74b5-eb11-8236-0022480a01e3" lookupentity="businessunit" />
        <field name="owninguser" value="f6473291-f0ee-eb11-bacb-00224809a0e0" lookupentity="systemuser" />
        <field name="lulu_primary_reason" value="a2e85024-10fa-eb11-94ef-000d3a5b341f" lookupentity="lulu_egift_card_reason_codes" lookupentityname="Guest Experience" />
        <field name="lulu_name" value="Health Care Worker" />
        <field name="statecode" value="0" />
        <field name="statuscode" value="1" />
      </record>
      <record id="d5c8ce97-10fa-eb11-94ef-000d3a5b341f">
        <field name="createdby" value="f6473291-f0ee-eb11-bacb-00224809a0e0" lookupentity="systemuser" lookupentityname="Noor Sabri" />
        <field name="createdon" value="2021-08-10T19:24:34.0000000Z" />
        <field name="lulu_egift_card_reason_codesid" value="d5c8ce97-10fa-eb11-94ef-000d3a5b341f" />
        <field name="lulu_message" value="Here is your gift card from us regarding your recent experience. We hope you enjoy spending it as much as we enjoy providing technical gear for you to sweat in!" />
        <field name="modifiedby" value="84ba7f7f-a3d4-eb11-bacc-000d3a3b9da0" lookupentity="systemuser" lookupentityname="Anish Maurya" />
        <field name="modifiedon" value="2021-08-18T23:44:08.0000000Z" />
        <field name="ownerid" value="f6473291-f0ee-eb11-bacb-00224809a0e0" lookupentity="systemuser" lookupentityname="Noor Sabri" />
        <field name="owningbusinessunit" value="b46946be-74b5-eb11-8236-0022480a01e3" lookupentity="businessunit" />
        <field name="owninguser" value="f6473291-f0ee-eb11-bacb-00224809a0e0" lookupentity="systemuser" />
        <field name="lulu_name" value="Promotion" />
        <field name="statecode" value="0" />
        <field name="statuscode" value="1" />
      </record>
      <record id="4a6f08a5-10fa-eb11-94ef-000d3a5b341f">
        <field name="createdby" value="f6473291-f0ee-eb11-bacb-00224809a0e0" lookupentity="systemuser" lookupentityname="Noor Sabri" />
        <field name="createdon" value="2021-08-10T19:25:02.0000000Z" />
        <field name="lulu_egift_card_reason_codesid" value="4a6f08a5-10fa-eb11-94ef-000d3a5b341f" />
        <field name="modifiedby" value="f6473291-f0ee-eb11-bacb-00224809a0e0" lookupentity="systemuser" lookupentityname="Noor Sabri" />
        <field name="modifiedon" value="2021-08-10T19:26:06.0000000Z" />
        <field name="ownerid" value="f6473291-f0ee-eb11-bacb-00224809a0e0" lookupentity="systemuser" lookupentityname="Noor Sabri" />
        <field name="owningbusinessunit" value="b46946be-74b5-eb11-8236-0022480a01e3" lookupentity="businessunit" />
        <field name="owninguser" value="f6473291-f0ee-eb11-bacb-00224809a0e0" lookupentity="systemuser" />
        <field name="lulu_primary_reason" value="d5c8ce97-10fa-eb11-94ef-000d3a5b341f" lookupentity="lulu_egift_card_reason_codes" lookupentityname="Promotion" />
        <field name="lulu_name" value="SeaWheeze" />
        <field name="statecode" value="0" />
        <field name="statuscode" value="1" />
      </record>
      <record id="dd0168de-10fa-eb11-94ef-000d3a5b341f">
        <field name="createdby" value="f6473291-f0ee-eb11-bacb-00224809a0e0" lookupentity="systemuser" lookupentityname="Noor Sabri" />
        <field name="createdon" value="2021-08-10T19:26:34.0000000Z" />
        <field name="lulu_egift_card_reason_codesid" value="dd0168de-10fa-eb11-94ef-000d3a5b341f" />
        <field name="modifiedby" value="f6473291-f0ee-eb11-bacb-00224809a0e0" lookupentity="systemuser" lookupentityname="Noor Sabri" />
        <field name="modifiedon" value="2021-08-10T19:26:34.0000000Z" />
        <field name="ownerid" value="f6473291-f0ee-eb11-bacb-00224809a0e0" lookupentity="systemuser" lookupentityname="Noor Sabri" />
        <field name="owningbusinessunit" value="b46946be-74b5-eb11-8236-0022480a01e3" lookupentity="businessunit" />
        <field name="owninguser" value="f6473291-f0ee-eb11-bacb-00224809a0e0" lookupentity="systemuser" />
        <field name="lulu_primary_reason" value="d5c8ce97-10fa-eb11-94ef-000d3a5b341f" lookupentity="lulu_egift_card_reason_codes" lookupentityname="Promotion" />
        <field name="lulu_name" value="Mother&amp;#39;s Day" />
        <field name="statecode" value="0" />
        <field name="statuscode" value="1" />
      </record>
      <record id="830dd3ec-10fa-eb11-94ef-000d3a5b341f">
        <field name="createdby" value="f6473291-f0ee-eb11-bacb-00224809a0e0" lookupentity="systemuser" lookupentityname="Noor Sabri" />
        <field name="createdon" value="2021-08-10T19:27:03.0000000Z" />
        <field name="lulu_egift_card_reason_codesid" value="830dd3ec-10fa-eb11-94ef-000d3a5b341f" />
        <field name="modifiedby" value="f6473291-f0ee-eb11-bacb-00224809a0e0" lookupentity="systemuser" lookupentityname="Noor Sabri" />
        <field name="modifiedon" value="2021-08-10T19:27:03.0000000Z" />
        <field name="ownerid" value="f6473291-f0ee-eb11-bacb-00224809a0e0" lookupentity="systemuser" lookupentityname="Noor Sabri" />
        <field name="owningbusinessunit" value="b46946be-74b5-eb11-8236-0022480a01e3" lookupentity="businessunit" />
        <field name="owninguser" value="f6473291-f0ee-eb11-bacb-00224809a0e0" lookupentity="systemuser" />
        <field name="lulu_primary_reason" value="d5c8ce97-10fa-eb11-94ef-000d3a5b341f" lookupentity="lulu_egift_card_reason_codes" lookupentityname="Promotion" />
        <field name="lulu_name" value="IWD" />
        <field name="statecode" value="0" />
        <field name="statuscode" value="1" />
      </record>
      <record id="c3bca712-11fa-eb11-94ef-000d3a5b341f">
        <field name="createdby" value="f6473291-f0ee-eb11-bacb-00224809a0e0" lookupentity="systemuser" lookupentityname="Noor Sabri" />
        <field name="createdon" value="2021-08-10T19:28:06.0000000Z" />
        <field name="lulu_egift_card_reason_codesid" value="c3bca712-11fa-eb11-94ef-000d3a5b341f" />
        <field name="modifiedby" value="f6473291-f0ee-eb11-bacb-00224809a0e0" lookupentity="systemuser" lookupentityname="Noor Sabri" />
        <field name="modifiedon" value="2021-08-10T19:28:06.0000000Z" />
        <field name="ownerid" value="f6473291-f0ee-eb11-bacb-00224809a0e0" lookupentity="systemuser" lookupentityname="Noor Sabri" />
        <field name="owningbusinessunit" value="b46946be-74b5-eb11-8236-0022480a01e3" lookupentity="businessunit" />
        <field name="owninguser" value="f6473291-f0ee-eb11-bacb-00224809a0e0" lookupentity="systemuser" />
        <field name="lulu_primary_reason" value="d5c8ce97-10fa-eb11-94ef-000d3a5b341f" lookupentity="lulu_egift_card_reason_codes" lookupentityname="Promotion" />
        <field name="lulu_name" value="Holiday Hook Up" />
        <field name="statecode" value="0" />
        <field name="statuscode" value="1" />
      </record>
      <record id="23c1c61a-11fa-eb11-94ef-000d3a5b341f">
        <field name="createdby" value="f6473291-f0ee-eb11-bacb-00224809a0e0" lookupentity="systemuser" lookupentityname="Noor Sabri" />
        <field name="createdon" value="2021-08-10T19:28:21.0000000Z" />
        <field name="lulu_egift_card_reason_codesid" value="23c1c61a-11fa-eb11-94ef-000d3a5b341f" />
        <field name="modifiedby" value="f6473291-f0ee-eb11-bacb-00224809a0e0" lookupentity="systemuser" lookupentityname="Noor Sabri" />
        <field name="modifiedon" value="2021-08-10T19:28:21.0000000Z" />
        <field name="ownerid" value="f6473291-f0ee-eb11-bacb-00224809a0e0" lookupentity="systemuser" lookupentityname="Noor Sabri" />
        <field name="owningbusinessunit" value="b46946be-74b5-eb11-8236-0022480a01e3" lookupentity="businessunit" />
        <field name="owninguser" value="f6473291-f0ee-eb11-bacb-00224809a0e0" lookupentity="systemuser" />
        <field name="lulu_primary_reason" value="d5c8ce97-10fa-eb11-94ef-000d3a5b341f" lookupentity="lulu_egift_card_reason_codes" lookupentityname="Promotion" />
        <field name="lulu_name" value="Fathers Day" />
        <field name="statecode" value="0" />
        <field name="statuscode" value="1" />
      </record>
      <record id="a1663d29-11fa-eb11-94ef-000d3a5b341f">
        <field name="createdby" value="f6473291-f0ee-eb11-bacb-00224809a0e0" lookupentity="systemuser" lookupentityname="Noor Sabri" />
        <field name="createdon" value="2021-08-10T19:28:43.0000000Z" />
        <field name="lulu_egift_card_reason_codesid" value="a1663d29-11fa-eb11-94ef-000d3a5b341f" />
        <field name="modifiedby" value="f6473291-f0ee-eb11-bacb-00224809a0e0" lookupentity="systemuser" lookupentityname="Noor Sabri" />
        <field name="modifiedon" value="2021-08-10T19:28:43.0000000Z" />
        <field name="ownerid" value="f6473291-f0ee-eb11-bacb-00224809a0e0" lookupentity="systemuser" lookupentityname="Noor Sabri" />
        <field name="owningbusinessunit" value="b46946be-74b5-eb11-8236-0022480a01e3" lookupentity="businessunit" />
        <field name="owninguser" value="f6473291-f0ee-eb11-bacb-00224809a0e0" lookupentity="systemuser" />
        <field name="lulu_primary_reason" value="d5c8ce97-10fa-eb11-94ef-000d3a5b341f" lookupentity="lulu_egift_card_reason_codes" lookupentityname="Promotion" />
        <field name="lulu_name" value="Warehouse Sale" />
        <field name="statecode" value="0" />
        <field name="statuscode" value="1" />
      </record>
      <record id="bcae9a68-dcef-eb11-bacb-00224809a0e0">
        <field name="createdby" value="f6473291-f0ee-eb11-bacb-00224809a0e0" lookupentity="systemuser" lookupentityname="Noor Sabri" />
        <field name="createdon" value="2021-07-28T19:45:58.0000000Z" />
        <field name="lulu_egift_card_reason_codesid" value="bcae9a68-dcef-eb11-bacb-00224809a0e0" />
        <field name="lulu_message" value="Here is your gift card from us regarding your recent experience. We hope you enjoy spending it as much as we enjoy providing technical gear for you to sweat in!" />
        <field name="modifiedby" value="84ba7f7f-a3d4-eb11-bacc-000d3a3b9da0" lookupentity="systemuser" lookupentityname="Anish Maurya" />
        <field name="modifiedon" value="2021-08-18T23:44:08.0000000Z" />
        <field name="ownerid" value="f6473291-f0ee-eb11-bacb-00224809a0e0" lookupentity="systemuser" lookupentityname="Noor Sabri" />
        <field name="owningbusinessunit" value="b46946be-74b5-eb11-8236-0022480a01e3" lookupentity="businessunit" />
        <field name="owninguser" value="f6473291-f0ee-eb11-bacb-00224809a0e0" lookupentity="systemuser" />
        <field name="lulu_name" value="Reimbursement" />
        <field name="statecode" value="0" />
        <field name="statuscode" value="1" />
      </record>
      <record id="bd6ec393-dcef-eb11-bacb-00224809a0e0">
        <field name="createdby" value="f6473291-f0ee-eb11-bacb-00224809a0e0" lookupentity="systemuser" lookupentityname="Noor Sabri" />
        <field name="createdon" value="2021-07-28T19:47:10.0000000Z" />
        <field name="lulu_egift_card_reason_codesid" value="bd6ec393-dcef-eb11-bacb-00224809a0e0" />
        <field name="lulu_message" value="Here is your gift card from us regarding your recent experience. We hope you enjoy spending it as much as we enjoy providing technical gear for you to sweat in!" />
        <field name="modifiedby" value="84ba7f7f-a3d4-eb11-bacc-000d3a3b9da0" lookupentity="systemuser" lookupentityname="Anish Maurya" />
        <field name="modifiedon" value="2021-08-18T23:44:07.0000000Z" />
        <field name="ownerid" value="f6473291-f0ee-eb11-bacb-00224809a0e0" lookupentity="systemuser" lookupentityname="Noor Sabri" />
        <field name="owningbusinessunit" value="b46946be-74b5-eb11-8236-0022480a01e3" lookupentity="businessunit" />
        <field name="owninguser" value="f6473291-f0ee-eb11-bacb-00224809a0e0" lookupentity="systemuser" />
        <field name="lulu_name" value="DC Error" />
        <field name="statecode" value="0" />
        <field name="statuscode" value="1" />
      </record>
      <record id="f28a39a0-dcef-eb11-bacb-00224809a0e0">
        <field name="createdby" value="f6473291-f0ee-eb11-bacb-00224809a0e0" lookupentity="systemuser" lookupentityname="Noor Sabri" />
        <field name="createdon" value="2021-07-28T19:47:30.0000000Z" />
        <field name="lulu_egift_card_reason_codesid" value="f28a39a0-dcef-eb11-bacb-00224809a0e0" />
        <field name="lulu_message" value="Here is your gift card from us regarding your recent experience. We hope you enjoy spending it as much as we enjoy providing technical gear for you to sweat in!" />
        <field name="modifiedby" value="ed1e6f9b-b3b8-eb11-8236-000d3a595dd5" lookupentity="systemuser" lookupentityname="Sergio Hernandez" />
        <field name="modifiedon" value="2021-08-17T18:11:53.0000000Z" />
        <field name="ownerid" value="f6473291-f0ee-eb11-bacb-00224809a0e0" lookupentity="systemuser" lookupentityname="Noor Sabri" />
        <field name="owningbusinessunit" value="b46946be-74b5-eb11-8236-0022480a01e3" lookupentity="businessunit" />
        <field name="owninguser" value="f6473291-f0ee-eb11-bacb-00224809a0e0" lookupentity="systemuser" />
        <field name="lulu_name" value="Guest Experience for Performance Issue" />
        <field name="statecode" value="0" />
        <field name="statuscode" value="1" />
      </record>
      <record id="f001cba8-dcef-eb11-bacb-00224809a0e0">
        <field name="createdby" value="f6473291-f0ee-eb11-bacb-00224809a0e0" lookupentity="systemuser" lookupentityname="Noor Sabri" />
        <field name="createdon" value="2021-07-28T19:47:44.0000000Z" />
        <field name="lulu_egift_card_reason_codesid" value="f001cba8-dcef-eb11-bacb-00224809a0e0" />
        <field name="lulu_message" value="Here is your gift card from us regarding your recent experience. We hope you enjoy spending it as much as we enjoy providing technical gear for you to sweat in!" />
        <field name="modifiedby" value="84ba7f7f-a3d4-eb11-bacc-000d3a3b9da0" lookupentity="systemuser" lookupentityname="Anish Maurya" />
        <field name="modifiedon" value="2021-08-18T23:44:07.0000000Z" />
        <field name="ownerid" value="f6473291-f0ee-eb11-bacb-00224809a0e0" lookupentity="systemuser" lookupentityname="Noor Sabri" />
        <field name="owningbusinessunit" value="b46946be-74b5-eb11-8236-0022480a01e3" lookupentity="businessunit" />
        <field name="owninguser" value="f6473291-f0ee-eb11-bacb-00224809a0e0" lookupentity="systemuser" />
        <field name="lulu_name" value="Pick Hold" />
        <field name="statecode" value="0" />
        <field name="statuscode" value="1" />
      </record>
      <record id="67631bba-dcef-eb11-bacb-00224809a0e0">
        <field name="createdby" value="f6473291-f0ee-eb11-bacb-00224809a0e0" lookupentity="systemuser" lookupentityname="Noor Sabri" />
        <field name="createdon" value="2021-07-28T19:48:13.0000000Z" />
        <field name="lulu_egift_card_reason_codesid" value="67631bba-dcef-eb11-bacb-00224809a0e0" />
        <field name="lulu_message" value="Here is your eGift Card from us to replace your previous gift card. We hope you enjoy spending it as much as we enjoy providing technical gear for you to sweat in!" />
        <field name="modifiedby" value="ed1e6f9b-b3b8-eb11-8236-000d3a595dd5" lookupentity="systemuser" lookupentityname="Sergio Hernandez" />
        <field name="modifiedon" value="2021-08-17T18:11:53.0000000Z" />
        <field name="ownerid" value="f6473291-f0ee-eb11-bacb-00224809a0e0" lookupentity="systemuser" lookupentityname="Noor Sabri" />
        <field name="owningbusinessunit" value="b46946be-74b5-eb11-8236-0022480a01e3" lookupentity="businessunit" />
        <field name="owninguser" value="f6473291-f0ee-eb11-bacb-00224809a0e0" lookupentity="systemuser" />
        <field name="lulu_name" value="GC Balance Transfer" />
        <field name="statecode" value="0" />
        <field name="statuscode" value="1" />
      </record>
      <record id="911824cb-dcef-eb11-bacb-00224809a0e0">
        <field name="createdby" value="f6473291-f0ee-eb11-bacb-00224809a0e0" lookupentity="systemuser" lookupentityname="Noor Sabri" />
        <field name="createdon" value="2021-07-28T19:48:35.0000000Z" />
        <field name="lulu_egift_card_reason_codesid" value="911824cb-dcef-eb11-bacb-00224809a0e0" />
        <field name="lulu_message" value="Here is your gift card from us regarding your recent experience. We hope you enjoy spending it as much as we enjoy providing technical gear for you to sweat in!" />
        <field name="modifiedby" value="84ba7f7f-a3d4-eb11-bacc-000d3a3b9da0" lookupentity="systemuser" lookupentityname="Anish Maurya" />
        <field name="modifiedon" value="2021-08-18T23:44:07.0000000Z" />
        <field name="ownerid" value="f6473291-f0ee-eb11-bacb-00224809a0e0" lookupentity="systemuser" lookupentityname="Noor Sabri" />
        <field name="owningbusinessunit" value="b46946be-74b5-eb11-8236-0022480a01e3" lookupentity="businessunit" />
        <field name="owninguser" value="f6473291-f0ee-eb11-bacb-00224809a0e0" lookupentity="systemuser" />
        <field name="lulu_name" value="Price Adjustment" />
        <field name="statecode" value="0" />
        <field name="statuscode" value="1" />
      </record>
      <record id="902667de-dcef-eb11-bacb-00224809a0e0">
        <field name="createdby" value="f6473291-f0ee-eb11-bacb-00224809a0e0" lookupentity="systemuser" lookupentityname="Noor Sabri" />
        <field name="createdon" value="2021-07-28T19:49:07.0000000Z" />
        <field name="lulu_egift_card_reason_codesid" value="902667de-dcef-eb11-bacb-00224809a0e0" />
        <field name="lulu_message" value="Here is your gift card from us regarding your recent experience. We hope you enjoy spending it as much as we enjoy providing technical gear for you to sweat in!" />
        <field name="modifiedby" value="84ba7f7f-a3d4-eb11-bacc-000d3a3b9da0" lookupentity="systemuser" lookupentityname="Anish Maurya" />
        <field name="modifiedon" value="2021-08-18T23:44:08.0000000Z" />
        <field name="ownerid" value="f6473291-f0ee-eb11-bacb-00224809a0e0" lookupentity="systemuser" lookupentityname="Noor Sabri" />
        <field name="owningbusinessunit" value="b46946be-74b5-eb11-8236-0022480a01e3" lookupentity="businessunit" />
        <field name="owninguser" value="f6473291-f0ee-eb11-bacb-00224809a0e0" lookupentity="systemuser" />
        <field name="lulu_name" value="Security Tags" />
        <field name="statecode" value="0" />
        <field name="statuscode" value="1" />
      </record>
      <record id="4fb684ed-dcef-eb11-bacb-00224809a0e0">
        <field name="createdby" value="f6473291-f0ee-eb11-bacb-00224809a0e0" lookupentity="systemuser" lookupentityname="Noor Sabri" />
        <field name="createdon" value="2021-07-28T19:49:33.0000000Z" />
        <field name="lulu_egift_card_reason_codesid" value="4fb684ed-dcef-eb11-bacb-00224809a0e0" />
        <field name="lulu_message" value="Here is your gift card from us regarding your recent experience. We hope you enjoy spending it as much as we enjoy providing technical gear for you to sweat in!" />
        <field name="modifiedby" value="84ba7f7f-a3d4-eb11-bacc-000d3a3b9da0" lookupentity="systemuser" lookupentityname="Anish Maurya" />
        <field name="modifiedon" value="2021-08-18T23:44:08.0000000Z" />
        <field name="ownerid" value="f6473291-f0ee-eb11-bacb-00224809a0e0" lookupentity="systemuser" lookupentityname="Noor Sabri" />
        <field name="owningbusinessunit" value="b46946be-74b5-eb11-8236-0022480a01e3" lookupentity="businessunit" />
        <field name="owninguser" value="f6473291-f0ee-eb11-bacb-00224809a0e0" lookupentity="systemuser" />
        <field name="lulu_name" value="Shipping Error" />
        <field name="statecode" value="0" />
        <field name="statuscode" value="1" />
      </record>
      <record id="688f34f7-dcef-eb11-bacb-00224809a0e0">
        <field name="createdby" value="f6473291-f0ee-eb11-bacb-00224809a0e0" lookupentity="systemuser" lookupentityname="Noor Sabri" />
        <field name="createdon" value="2021-07-28T19:49:55.0000000Z" />
        <field name="lulu_egift_card_reason_codesid" value="688f34f7-dcef-eb11-bacb-00224809a0e0" />
        <field name="lulu_message" value="Here is your gift card from us regarding your recent experience. We hope you enjoy spending it as much as we enjoy providing technical gear for you to sweat in!" />
        <field name="modifiedby" value="84ba7f7f-a3d4-eb11-bacc-000d3a3b9da0" lookupentity="systemuser" lookupentityname="Anish Maurya" />
        <field name="modifiedon" value="2021-08-18T23:44:08.0000000Z" />
        <field name="ownerid" value="f6473291-f0ee-eb11-bacb-00224809a0e0" lookupentity="systemuser" lookupentityname="Noor Sabri" />
        <field name="owningbusinessunit" value="b46946be-74b5-eb11-8236-0022480a01e3" lookupentity="businessunit" />
        <field name="owninguser" value="f6473291-f0ee-eb11-bacb-00224809a0e0" lookupentity="systemuser" />
        <field name="lulu_name" value="Store Experience" />
        <field name="statecode" value="0" />
        <field name="statuscode" value="1" />
      </record>
      <record id="fae74bfd-dcef-eb11-bacb-00224809a0e0">
        <field name="createdby" value="f6473291-f0ee-eb11-bacb-00224809a0e0" lookupentity="systemuser" lookupentityname="Noor Sabri" />
        <field name="createdon" value="2021-07-28T19:50:09.0000000Z" />
        <field name="lulu_egift_card_reason_codesid" value="fae74bfd-dcef-eb11-bacb-00224809a0e0" />
        <field name="lulu_message" value="Here is your gift card from us regarding your recent experience. We hope you enjoy spending it as much as we enjoy providing technical gear for you to sweat in!" />
        <field name="modifiedby" value="84ba7f7f-a3d4-eb11-bacc-000d3a3b9da0" lookupentity="systemuser" lookupentityname="Anish Maurya" />
        <field name="modifiedon" value="2021-08-18T23:44:09.0000000Z" />
        <field name="ownerid" value="f6473291-f0ee-eb11-bacb-00224809a0e0" lookupentity="systemuser" lookupentityname="Noor Sabri" />
        <field name="owningbusinessunit" value="b46946be-74b5-eb11-8236-0022480a01e3" lookupentity="businessunit" />
        <field name="owninguser" value="f6473291-f0ee-eb11-bacb-00224809a0e0" lookupentity="systemuser" />
        <field name="lulu_name" value="Store Return Exception" />
        <field name="statecode" value="0" />
        <field name="statuscode" value="1" />
      </record>
      <record id="bbd2250d-ddef-eb11-bacb-00224809a0e0">
        <field name="createdby" value="f6473291-f0ee-eb11-bacb-00224809a0e0" lookupentity="systemuser" lookupentityname="Noor Sabri" />
        <field name="createdon" value="2021-07-28T19:50:30.0000000Z" />
        <field name="lulu_egift_card_reason_codesid" value="bbd2250d-ddef-eb11-bacb-00224809a0e0" />
        <field name="lulu_message" value="Here is your gift card from us regarding your recent experience. We hope you enjoy spending it as much as we enjoy providing technical gear for you to sweat in!" />
        <field name="modifiedby" value="84ba7f7f-a3d4-eb11-bacc-000d3a3b9da0" lookupentity="systemuser" lookupentityname="Anish Maurya" />
        <field name="modifiedon" value="2021-08-18T23:44:09.0000000Z" />
        <field name="ownerid" value="f6473291-f0ee-eb11-bacb-00224809a0e0" lookupentity="systemuser" lookupentityname="Noor Sabri" />
        <field name="owningbusinessunit" value="b46946be-74b5-eb11-8236-0022480a01e3" lookupentity="businessunit" />
        <field name="owninguser" value="f6473291-f0ee-eb11-bacb-00224809a0e0" lookupentity="systemuser" />
        <field name="lulu_name" value="System error" />
        <field name="statecode" value="0" />
        <field name="statuscode" value="1" />
      </record>
      <record id="cef45f05-0cf0-eb11-bacb-00224809aa2c">
        <field name="createdby" value="84ba7f7f-a3d4-eb11-bacc-000d3a3b9da0" lookupentity="systemuser" lookupentityname="Anish Maurya" />
        <field name="createdon" value="2021-07-29T01:27:03.0000000Z" />
        <field name="lulu_egift_card_reason_codesid" value="cef45f05-0cf0-eb11-bacb-00224809aa2c" />
        <field name="importsequencenumber" value="59" />
        <field name="modifiedby" value="84ba7f7f-a3d4-eb11-bacc-000d3a3b9da0" lookupentity="systemuser" lookupentityname="Anish Maurya" />
        <field name="modifiedon" value="2021-07-29T01:27:05.0000000Z" />
        <field name="lulu_notes" value="Refund for a missing ecom trace" />
        <field name="ownerid" value="84ba7f7f-a3d4-eb11-bacc-000d3a3b9da0" lookupentity="systemuser" lookupentityname="Anish Maurya" />
        <field name="owningbusinessunit" value="b46946be-74b5-eb11-8236-0022480a01e3" lookupentity="businessunit" />
        <field name="owninguser" value="84ba7f7f-a3d4-eb11-bacc-000d3a3b9da0" lookupentity="systemuser" />
        <field name="lulu_primary_reason" value="bcae9a68-dcef-eb11-bacb-00224809a0e0" lookupentity="lulu_egift_card_reason_codes" lookupentityname="Reimbursement" />
        <field name="lulu_name" value="Trace Not Found" />
        <field name="statecode" value="0" />
        <field name="statuscode" value="1" />
      </record>
      <record id="d0f45f05-0cf0-eb11-bacb-00224809aa2c">
        <field name="createdby" value="84ba7f7f-a3d4-eb11-bacc-000d3a3b9da0" lookupentity="systemuser" lookupentityname="Anish Maurya" />
        <field name="createdon" value="2021-07-29T01:27:03.0000000Z" />
        <field name="lulu_egift_card_reason_codesid" value="d0f45f05-0cf0-eb11-bacb-00224809aa2c" />
        <field name="importsequencenumber" value="59" />
        <field name="modifiedby" value="f6473291-f0ee-eb11-bacb-00224809a0e0" lookupentity="systemuser" lookupentityname="Noor Sabri" />
        <field name="modifiedon" value="2021-08-10T18:43:40.0000000Z" />
        <field name="lulu_notes" value="Refund for a Product Promo order that was cancelled" />
        <field name="ownerid" value="84ba7f7f-a3d4-eb11-bacc-000d3a3b9da0" lookupentity="systemuser" lookupentityname="Anish Maurya" />
        <field name="owningbusinessunit" value="b46946be-74b5-eb11-8236-0022480a01e3" lookupentity="businessunit" />
        <field name="owninguser" value="84ba7f7f-a3d4-eb11-bacc-000d3a3b9da0" lookupentity="systemuser" />
        <field name="lulu_primary_reason" value="bcae9a68-dcef-eb11-bacb-00224809a0e0" lookupentity="lulu_egift_card_reason_codes" lookupentityname="Reimbursement" />
        <field name="lulu_name" value="Product Promo Replacement" />
        <field name="statecode" value="0" />
        <field name="statuscode" value="1" />
      </record>
      <record id="d6f45f05-0cf0-eb11-bacb-00224809aa2c">
        <field name="createdby" value="84ba7f7f-a3d4-eb11-bacc-000d3a3b9da0" lookupentity="systemuser" lookupentityname="Anish Maurya" />
        <field name="createdon" value="2021-07-29T01:27:03.0000000Z" />
        <field name="lulu_egift_card_reason_codesid" value="d6f45f05-0cf0-eb11-bacb-00224809aa2c" />
        <field name="importsequencenumber" value="59" />
        <field name="modifiedby" value="f6473291-f0ee-eb11-bacb-00224809a0e0" lookupentity="systemuser" lookupentityname="Noor Sabri" />
        <field name="modifiedon" value="2021-08-10T18:48:06.0000000Z" />
        <field name="lulu_notes" value="Ecom return where refund was incomplete - check first to make sure we owe them money!" />
        <field name="ownerid" value="84ba7f7f-a3d4-eb11-bacc-000d3a3b9da0" lookupentity="systemuser" lookupentityname="Anish Maurya" />
        <field name="owningbusinessunit" value="b46946be-74b5-eb11-8236-0022480a01e3" lookupentity="businessunit" />
        <field name="owninguser" value="84ba7f7f-a3d4-eb11-bacc-000d3a3b9da0" lookupentity="systemuser" />
        <field name="lulu_primary_reason" value="bcae9a68-dcef-eb11-bacb-00224809a0e0" lookupentity="lulu_egift_card_reason_codes" lookupentityname="Reimbursement" />
        <field name="lulu_name" value="Refunded Incorrect Amount" />
        <field name="statecode" value="0" />
        <field name="statuscode" value="1" />
      </record>
      <record id="d8f45f05-0cf0-eb11-bacb-00224809aa2c">
        <field name="createdby" value="84ba7f7f-a3d4-eb11-bacc-000d3a3b9da0" lookupentity="systemuser" lookupentityname="Anish Maurya" />
        <field name="createdon" value="2021-07-29T01:27:03.0000000Z" />
        <field name="lulu_egift_card_reason_codesid" value="d8f45f05-0cf0-eb11-bacb-00224809aa2c" />
        <field name="importsequencenumber" value="59" />
        <field name="modifiedby" value="84ba7f7f-a3d4-eb11-bacc-000d3a3b9da0" lookupentity="systemuser" lookupentityname="Anish Maurya" />
        <field name="modifiedon" value="2021-07-29T01:27:05.0000000Z" />
        <field name="lulu_notes" value="Ecomm Return out of 5-7BDS return timeline – refunding for full return amount" />
        <field name="ownerid" value="84ba7f7f-a3d4-eb11-bacc-000d3a3b9da0" lookupentity="systemuser" lookupentityname="Anish Maurya" />
        <field name="owningbusinessunit" value="b46946be-74b5-eb11-8236-0022480a01e3" lookupentity="businessunit" />
        <field name="owninguser" value="84ba7f7f-a3d4-eb11-bacc-000d3a3b9da0" lookupentity="systemuser" />
        <field name="lulu_primary_reason" value="bcae9a68-dcef-eb11-bacb-00224809a0e0" lookupentity="lulu_egift_card_reason_codes" lookupentityname="Reimbursement" />
        <field name="lulu_name" value="Out of ecomm return processing SLA" />
        <field name="statecode" value="0" />
        <field name="statuscode" value="1" />
      </record>
      <record id="e4f45f05-0cf0-eb11-bacb-00224809aa2c">
        <field name="createdby" value="84ba7f7f-a3d4-eb11-bacc-000d3a3b9da0" lookupentity="systemuser" lookupentityname="Anish Maurya" />
        <field name="createdon" value="2021-07-29T01:27:04.0000000Z" />
        <field name="lulu_egift_card_reason_codesid" value="e4f45f05-0cf0-eb11-bacb-00224809aa2c" />
        <field name="importsequencenumber" value="59" />
        <field name="modifiedby" value="84ba7f7f-a3d4-eb11-bacc-000d3a3b9da0" lookupentity="systemuser" lookupentityname="Anish Maurya" />
        <field name="modifiedon" value="2021-07-29T01:27:05.0000000Z" />
        <field name="lulu_notes" value="DC sent the guest a damaged item in their order" />
        <field name="ownerid" value="84ba7f7f-a3d4-eb11-bacc-000d3a3b9da0" lookupentity="systemuser" lookupentityname="Anish Maurya" />
        <field name="owningbusinessunit" value="b46946be-74b5-eb11-8236-0022480a01e3" lookupentity="businessunit" />
        <field name="owninguser" value="84ba7f7f-a3d4-eb11-bacc-000d3a3b9da0" lookupentity="systemuser" />
        <field name="lulu_primary_reason" value="bd6ec393-dcef-eb11-bacb-00224809a0e0" lookupentity="lulu_egift_card_reason_codes" lookupentityname="DC Error" />
        <field name="lulu_name" value="Sent Damaged Item" />
        <field name="statecode" value="0" />
        <field name="statuscode" value="1" />
      </record>
      <record id="e6f45f05-0cf0-eb11-bacb-00224809aa2c">
        <field name="createdby" value="84ba7f7f-a3d4-eb11-bacc-000d3a3b9da0" lookupentity="systemuser" lookupentityname="Anish Maurya" />
        <field name="createdon" value="2021-07-29T01:27:04.0000000Z" />
        <field name="lulu_egift_card_reason_codesid" value="e6f45f05-0cf0-eb11-bacb-00224809aa2c" />
        <field name="importsequencenumber" value="59" />
        <field name="modifiedby" value="84ba7f7f-a3d4-eb11-bacc-000d3a3b9da0" lookupentity="systemuser" lookupentityname="Anish Maurya" />
        <field name="modifiedon" value="2021-07-29T01:27:05.0000000Z" />
        <field name="lulu_notes" value="DC sent the guest the wrong item in their order" />
        <field name="ownerid" value="84ba7f7f-a3d4-eb11-bacc-000d3a3b9da0" lookupentity="systemuser" lookupentityname="Anish Maurya" />
        <field name="owningbusinessunit" value="b46946be-74b5-eb11-8236-0022480a01e3" lookupentity="businessunit" />
        <field name="owninguser" value="84ba7f7f-a3d4-eb11-bacc-000d3a3b9da0" lookupentity="systemuser" />
        <field name="lulu_primary_reason" value="bd6ec393-dcef-eb11-bacb-00224809a0e0" lookupentity="lulu_egift_card_reason_codes" lookupentityname="DC Error" />
        <field name="lulu_name" value="Sent Wrong Item" />
        <field name="statecode" value="0" />
        <field name="statuscode" value="1" />
      </record>
      <record id="e8f45f05-0cf0-eb11-bacb-00224809aa2c">
        <field name="createdby" value="84ba7f7f-a3d4-eb11-bacc-000d3a3b9da0" lookupentity="systemuser" lookupentityname="Anish Maurya" />
        <field name="createdon" value="2021-07-29T01:27:04.0000000Z" />
        <field name="lulu_egift_card_reason_codesid" value="e8f45f05-0cf0-eb11-bacb-00224809aa2c" />
        <field name="importsequencenumber" value="59" />
        <field name="modifiedby" value="84ba7f7f-a3d4-eb11-bacc-000d3a3b9da0" lookupentity="systemuser" lookupentityname="Anish Maurya" />
        <field name="modifiedon" value="2021-07-29T01:27:05.0000000Z" />
        <field name="lulu_notes" value="DC accidentally sent the guest the incorrect order, switching it with another guest&amp;#39;s order" />
        <field name="ownerid" value="84ba7f7f-a3d4-eb11-bacc-000d3a3b9da0" lookupentity="systemuser" lookupentityname="Anish Maurya" />
        <field name="owningbusinessunit" value="b46946be-74b5-eb11-8236-0022480a01e3" lookupentity="businessunit" />
        <field name="owninguser" value="84ba7f7f-a3d4-eb11-bacc-000d3a3b9da0" lookupentity="systemuser" />
        <field name="lulu_primary_reason" value="bd6ec393-dcef-eb11-bacb-00224809a0e0" lookupentity="lulu_egift_card_reason_codes" lookupentityname="DC Error" />
        <field name="lulu_name" value="Package Swap" />
        <field name="statecode" value="0" />
        <field name="statuscode" value="1" />
      </record>
      <record id="eaf45f05-0cf0-eb11-bacb-00224809aa2c">
        <field name="createdby" value="84ba7f7f-a3d4-eb11-bacc-000d3a3b9da0" lookupentity="systemuser" lookupentityname="Anish Maurya" />
        <field name="createdon" value="2021-07-29T01:27:04.0000000Z" />
        <field name="lulu_egift_card_reason_codesid" value="eaf45f05-0cf0-eb11-bacb-00224809aa2c" />
        <field name="importsequencenumber" value="59" />
        <field name="modifiedby" value="84ba7f7f-a3d4-eb11-bacc-000d3a3b9da0" lookupentity="systemuser" lookupentityname="Anish Maurya" />
        <field name="modifiedon" value="2021-07-29T01:27:05.0000000Z" />
        <field name="lulu_notes" value="Order gets stuck in processing, delayed processing" />
        <field name="ownerid" value="84ba7f7f-a3d4-eb11-bacc-000d3a3b9da0" lookupentity="systemuser" lookupentityname="Anish Maurya" />
        <field name="owningbusinessunit" value="b46946be-74b5-eb11-8236-0022480a01e3" lookupentity="businessunit" />
        <field name="owninguser" value="84ba7f7f-a3d4-eb11-bacc-000d3a3b9da0" lookupentity="systemuser" />
        <field name="lulu_primary_reason" value="bd6ec393-dcef-eb11-bacb-00224809a0e0" lookupentity="lulu_egift_card_reason_codes" lookupentityname="DC Error" />
        <field name="lulu_name" value="Out Of Order Processing SLA" />
        <field name="statecode" value="0" />
        <field name="statuscode" value="1" />
      </record>
      <record id="ecf45f05-0cf0-eb11-bacb-00224809aa2c">
        <field name="createdby" value="84ba7f7f-a3d4-eb11-bacc-000d3a3b9da0" lookupentity="systemuser" lookupentityname="Anish Maurya" />
        <field name="createdon" value="2021-07-29T01:27:04.0000000Z" />
        <field name="lulu_egift_card_reason_codesid" value="ecf45f05-0cf0-eb11-bacb-00224809aa2c" />
        <field name="importsequencenumber" value="59" />
        <field name="modifiedby" value="84ba7f7f-a3d4-eb11-bacc-000d3a3b9da0" lookupentity="systemuser" lookupentityname="Anish Maurya" />
        <field name="modifiedon" value="2021-07-29T01:27:05.0000000Z" />
        <field name="lulu_notes" value="DC forgot to include one or more items in the guest&amp;#39;s order" />
        <field name="ownerid" value="84ba7f7f-a3d4-eb11-bacc-000d3a3b9da0" lookupentity="systemuser" lookupentityname="Anish Maurya" />
        <field name="owningbusinessunit" value="b46946be-74b5-eb11-8236-0022480a01e3" lookupentity="businessunit" />
        <field name="owninguser" value="84ba7f7f-a3d4-eb11-bacc-000d3a3b9da0" lookupentity="systemuser" />
        <field name="lulu_primary_reason" value="bd6ec393-dcef-eb11-bacb-00224809a0e0" lookupentity="lulu_egift_card_reason_codes" lookupentityname="DC Error" />
        <field name="lulu_name" value="Missing Item" />
        <field name="statecode" value="0" />
        <field name="statuscode" value="1" />
      </record>
      <record id="eef45f05-0cf0-eb11-bacb-00224809aa2c">
        <field name="createdby" value="84ba7f7f-a3d4-eb11-bacc-000d3a3b9da0" lookupentity="systemuser" lookupentityname="Anish Maurya" />
        <field name="createdon" value="2021-07-29T01:27:04.0000000Z" />
        <field name="lulu_egift_card_reason_codesid" value="eef45f05-0cf0-eb11-bacb-00224809aa2c" />
        <field name="importsequencenumber" value="59" />
        <field name="modifiedby" value="84ba7f7f-a3d4-eb11-bacc-000d3a3b9da0" lookupentity="systemuser" lookupentityname="Anish Maurya" />
        <field name="modifiedon" value="2021-08-13T13:31:54.0000000Z" />
        <field name="lulu_notes" value="Ge For Non-Returnable Items" />
        <field name="ownerid" value="84ba7f7f-a3d4-eb11-bacc-000d3a3b9da0" lookupentity="systemuser" lookupentityname="Anish Maurya" />
        <field name="owningbusinessunit" value="b46946be-74b5-eb11-8236-0022480a01e3" lookupentity="businessunit" />
        <field name="owninguser" value="84ba7f7f-a3d4-eb11-bacc-000d3a3b9da0" lookupentity="systemuser" />
        <field name="lulu_primary_reason" value="f28a39a0-dcef-eb11-bacb-00224809a0e0" lookupentity="lulu_egift_card_reason_codes" lookupentityname="Guest Experience for Performance Issue" />
        <field name="lulu_name" value="GE for returnable items" />
        <field name="statecode" value="0" />
        <field name="statuscode" value="1" />
      </record>
      <record id="f0f45f05-0cf0-eb11-bacb-00224809aa2c">
        <field name="createdby" value="84ba7f7f-a3d4-eb11-bacc-000d3a3b9da0" lookupentity="systemuser" lookupentityname="Anish Maurya" />
        <field name="createdon" value="2021-07-29T01:27:04.0000000Z" />
        <field name="lulu_egift_card_reason_codesid" value="f0f45f05-0cf0-eb11-bacb-00224809aa2c" />
        <field name="importsequencenumber" value="59" />
        <field name="modifiedby" value="84ba7f7f-a3d4-eb11-bacc-000d3a3b9da0" lookupentity="systemuser" lookupentityname="Anish Maurya" />
        <field name="modifiedon" value="2021-08-13T13:32:19.0000000Z" />
        <field name="lulu_notes" value="Ge For Returnable Items" />
        <field name="ownerid" value="84ba7f7f-a3d4-eb11-bacc-000d3a3b9da0" lookupentity="systemuser" lookupentityname="Anish Maurya" />
        <field name="owningbusinessunit" value="b46946be-74b5-eb11-8236-0022480a01e3" lookupentity="businessunit" />
        <field name="owninguser" value="84ba7f7f-a3d4-eb11-bacc-000d3a3b9da0" lookupentity="systemuser" />
        <field name="lulu_primary_reason" value="f28a39a0-dcef-eb11-bacb-00224809a0e0" lookupentity="lulu_egift_card_reason_codes" lookupentityname="Guest Experience for Performance Issue" />
        <field name="lulu_name" value="GE for non-returnable items" />
        <field name="statecode" value="0" />
        <field name="statuscode" value="1" />
      </record>
      <record id="f2f45f05-0cf0-eb11-bacb-00224809aa2c">
        <field name="createdby" value="84ba7f7f-a3d4-eb11-bacc-000d3a3b9da0" lookupentity="systemuser" lookupentityname="Anish Maurya" />
        <field name="createdon" value="2021-07-29T01:27:04.0000000Z" />
        <field name="lulu_egift_card_reason_codesid" value="f2f45f05-0cf0-eb11-bacb-00224809aa2c" />
        <field name="importsequencenumber" value="59" />
        <field name="modifiedby" value="84ba7f7f-a3d4-eb11-bacc-000d3a3b9da0" lookupentity="systemuser" lookupentityname="Anish Maurya" />
        <field name="modifiedon" value="2021-07-29T01:27:06.0000000Z" />
        <field name="lulu_notes" value="Order gets cancelled due to a glitch" />
        <field name="ownerid" value="84ba7f7f-a3d4-eb11-bacc-000d3a3b9da0" lookupentity="systemuser" lookupentityname="Anish Maurya" />
        <field name="owningbusinessunit" value="b46946be-74b5-eb11-8236-0022480a01e3" lookupentity="businessunit" />
        <field name="owninguser" value="84ba7f7f-a3d4-eb11-bacc-000d3a3b9da0" lookupentity="systemuser" />
        <field name="lulu_primary_reason" value="f001cba8-dcef-eb11-bacb-00224809a0e0" lookupentity="lulu_egift_card_reason_codes" lookupentityname="Pick Hold" />
        <field name="lulu_name" value="Unexpected Order Cancellation" />
        <field name="statecode" value="0" />
        <field name="statuscode" value="1" />
      </record>
      <record id="f4f45f05-0cf0-eb11-bacb-00224809aa2c">
        <field name="createdby" value="84ba7f7f-a3d4-eb11-bacc-000d3a3b9da0" lookupentity="systemuser" lookupentityname="Anish Maurya" />
        <field name="createdon" value="2021-07-29T01:27:04.0000000Z" />
        <field name="lulu_egift_card_reason_codesid" value="f4f45f05-0cf0-eb11-bacb-00224809aa2c" />
        <field name="importsequencenumber" value="59" />
        <field name="modifiedby" value="f6473291-f0ee-eb11-bacb-00224809a0e0" lookupentity="systemuser" lookupentityname="Noor Sabri" />
        <field name="modifiedon" value="2021-08-10T18:09:15.0000000Z" />
        <field name="lulu_notes" value="Item is out of stock" />
        <field name="ownerid" value="84ba7f7f-a3d4-eb11-bacc-000d3a3b9da0" lookupentity="systemuser" lookupentityname="Anish Maurya" />
        <field name="owningbusinessunit" value="b46946be-74b5-eb11-8236-0022480a01e3" lookupentity="businessunit" />
        <field name="owninguser" value="84ba7f7f-a3d4-eb11-bacc-000d3a3b9da0" lookupentity="systemuser" />
        <field name="lulu_primary_reason" value="f001cba8-dcef-eb11-bacb-00224809a0e0" lookupentity="lulu_egift_card_reason_codes" lookupentityname="Pick Hold" />
        <field name="lulu_name" value="Item is Out of Stock" />
        <field name="statecode" value="0" />
        <field name="statuscode" value="1" />
      </record>
      <record id="fcf45f05-0cf0-eb11-bacb-00224809aa2c">
        <field name="createdby" value="84ba7f7f-a3d4-eb11-bacc-000d3a3b9da0" lookupentity="systemuser" lookupentityname="Anish Maurya" />
        <field name="createdon" value="2021-07-29T01:27:04.0000000Z" />
        <field name="lulu_egift_card_reason_codesid" value="fcf45f05-0cf0-eb11-bacb-00224809aa2c" />
        <field name="importsequencenumber" value="59" />
        <field name="modifiedby" value="84ba7f7f-a3d4-eb11-bacc-000d3a3b9da0" lookupentity="systemuser" lookupentityname="Anish Maurya" />
        <field name="modifiedon" value="2021-08-13T13:02:52.0000000Z" />
        <field name="lulu_notes" value="PIN scratched off / GC number smudged / lost GC but still has the Givex number" />
        <field name="ownerid" value="84ba7f7f-a3d4-eb11-bacc-000d3a3b9da0" lookupentity="systemuser" lookupentityname="Anish Maurya" />
        <field name="owningbusinessunit" value="b46946be-74b5-eb11-8236-0022480a01e3" lookupentity="businessunit" />
        <field name="owninguser" value="84ba7f7f-a3d4-eb11-bacc-000d3a3b9da0" lookupentity="systemuser" />
        <field name="lulu_primary_reason" value="67631bba-dcef-eb11-bacb-00224809a0e0" lookupentity="lulu_egift_card_reason_codes" lookupentityname="GC Balance Transfer" />
        <field name="lulu_name" value="Lost/Damaged gift card" />
        <field name="statecode" value="0" />
        <field name="statuscode" value="1" />
      </record>
      <record id="fef45f05-0cf0-eb11-bacb-00224809aa2c">
        <field name="createdby" value="84ba7f7f-a3d4-eb11-bacc-000d3a3b9da0" lookupentity="systemuser" lookupentityname="Anish Maurya" />
        <field name="createdon" value="2021-07-29T01:27:04.0000000Z" />
        <field name="lulu_egift_card_reason_codesid" value="fef45f05-0cf0-eb11-bacb-00224809aa2c" />
        <field name="importsequencenumber" value="59" />
        <field name="modifiedby" value="84ba7f7f-a3d4-eb11-bacc-000d3a3b9da0" lookupentity="systemuser" lookupentityname="Anish Maurya" />
        <field name="modifiedon" value="2021-07-29T01:27:06.0000000Z" />
        <field name="lulu_notes" value="Price adjustment must be accompanied by an order number and fulfill requirements as per KB 136" />
        <field name="ownerid" value="84ba7f7f-a3d4-eb11-bacc-000d3a3b9da0" lookupentity="systemuser" lookupentityname="Anish Maurya" />
        <field name="owningbusinessunit" value="b46946be-74b5-eb11-8236-0022480a01e3" lookupentity="businessunit" />
        <field name="owninguser" value="84ba7f7f-a3d4-eb11-bacc-000d3a3b9da0" lookupentity="systemuser" />
        <field name="lulu_primary_reason" value="911824cb-dcef-eb11-bacb-00224809a0e0" lookupentity="lulu_egift_card_reason_codes" lookupentityname="Price Adjustment" />
        <field name="lulu_name" value="Price Adjustment – Ecom" />
        <field name="statecode" value="0" />
        <field name="statuscode" value="1" />
      </record>
      <record id="00f55f05-0cf0-eb11-bacb-00224809aa2c">
        <field name="createdby" value="84ba7f7f-a3d4-eb11-bacc-000d3a3b9da0" lookupentity="systemuser" lookupentityname="Anish Maurya" />
        <field name="createdon" value="2021-07-29T01:27:04.0000000Z" />
        <field name="lulu_egift_card_reason_codesid" value="00f55f05-0cf0-eb11-bacb-00224809aa2c" />
        <field name="importsequencenumber" value="59" />
        <field name="modifiedby" value="84ba7f7f-a3d4-eb11-bacc-000d3a3b9da0" lookupentity="systemuser" lookupentityname="Anish Maurya" />
        <field name="modifiedon" value="2021-07-29T01:27:06.0000000Z" />
        <field name="lulu_notes" value="Price adjustment must be accompanied by a full receipt and fulfill requirements as per KB 136" />
        <field name="ownerid" value="84ba7f7f-a3d4-eb11-bacc-000d3a3b9da0" lookupentity="systemuser" lookupentityname="Anish Maurya" />
        <field name="owningbusinessunit" value="b46946be-74b5-eb11-8236-0022480a01e3" lookupentity="businessunit" />
        <field name="owninguser" value="84ba7f7f-a3d4-eb11-bacc-000d3a3b9da0" lookupentity="systemuser" />
        <field name="lulu_primary_reason" value="911824cb-dcef-eb11-bacb-00224809a0e0" lookupentity="lulu_egift_card_reason_codes" lookupentityname="Price Adjustment" />
        <field name="lulu_name" value="Price Adjustment – Store" />
        <field name="statecode" value="0" />
        <field name="statuscode" value="1" />
      </record>
      <record id="02f55f05-0cf0-eb11-bacb-00224809aa2c">
        <field name="createdby" value="84ba7f7f-a3d4-eb11-bacc-000d3a3b9da0" lookupentity="systemuser" lookupentityname="Anish Maurya" />
        <field name="createdon" value="2021-07-29T01:27:04.0000000Z" />
        <field name="lulu_egift_card_reason_codesid" value="02f55f05-0cf0-eb11-bacb-00224809aa2c" />
        <field name="importsequencenumber" value="59" />
        <field name="modifiedby" value="84ba7f7f-a3d4-eb11-bacc-000d3a3b9da0" lookupentity="systemuser" lookupentityname="Anish Maurya" />
        <field name="modifiedon" value="2021-07-29T01:27:06.0000000Z" />
        <field name="lulu_notes" value="Educator must have confirmed the guest profile to ensure SC membership for PA" />
        <field name="ownerid" value="84ba7f7f-a3d4-eb11-bacc-000d3a3b9da0" lookupentity="systemuser" lookupentityname="Anish Maurya" />
        <field name="owningbusinessunit" value="b46946be-74b5-eb11-8236-0022480a01e3" lookupentity="businessunit" />
        <field name="owninguser" value="84ba7f7f-a3d4-eb11-bacc-000d3a3b9da0" lookupentity="systemuser" />
        <field name="lulu_primary_reason" value="911824cb-dcef-eb11-bacb-00224809a0e0" lookupentity="lulu_egift_card_reason_codes" lookupentityname="Price Adjustment" />
        <field name="lulu_name" value="Sweat Collective" />
        <field name="statecode" value="0" />
        <field name="statuscode" value="1" />
      </record>
      <record id="04f55f05-0cf0-eb11-bacb-00224809aa2c">
        <field name="createdby" value="84ba7f7f-a3d4-eb11-bacc-000d3a3b9da0" lookupentity="systemuser" lookupentityname="Anish Maurya" />
        <field name="createdon" value="2021-07-29T01:27:04.0000000Z" />
        <field name="lulu_egift_card_reason_codesid" value="04f55f05-0cf0-eb11-bacb-00224809aa2c" />
        <field name="importsequencenumber" value="59" />
        <field name="modifiedby" value="84ba7f7f-a3d4-eb11-bacc-000d3a3b9da0" lookupentity="systemuser" lookupentityname="Anish Maurya" />
        <field name="modifiedon" value="2021-07-29T01:27:06.0000000Z" />
        <field name="lulu_notes" value="For the inconvenience of receiving a security tag in their ecom order" />
        <field name="ownerid" value="84ba7f7f-a3d4-eb11-bacc-000d3a3b9da0" lookupentity="systemuser" lookupentityname="Anish Maurya" />
        <field name="owningbusinessunit" value="b46946be-74b5-eb11-8236-0022480a01e3" lookupentity="businessunit" />
        <field name="owninguser" value="84ba7f7f-a3d4-eb11-bacc-000d3a3b9da0" lookupentity="systemuser" />
        <field name="lulu_primary_reason" value="902667de-dcef-eb11-bacb-00224809a0e0" lookupentity="lulu_egift_card_reason_codes" lookupentityname="Security Tags" />
        <field name="lulu_name" value="Security Tags – Ecom" />
        <field name="statecode" value="0" />
        <field name="statuscode" value="1" />
      </record>
      <record id="06f55f05-0cf0-eb11-bacb-00224809aa2c">
        <field name="createdby" value="84ba7f7f-a3d4-eb11-bacc-000d3a3b9da0" lookupentity="systemuser" lookupentityname="Anish Maurya" />
        <field name="createdon" value="2021-07-29T01:27:04.0000000Z" />
        <field name="lulu_egift_card_reason_codesid" value="06f55f05-0cf0-eb11-bacb-00224809aa2c" />
        <field name="importsequencenumber" value="59" />
        <field name="modifiedby" value="84ba7f7f-a3d4-eb11-bacc-000d3a3b9da0" lookupentity="systemuser" lookupentityname="Anish Maurya" />
        <field name="modifiedon" value="2021-07-29T01:27:06.0000000Z" />
        <field name="lulu_notes" value="For the inconvenience of receiving a security tag in their store purchase" />
        <field name="ownerid" value="84ba7f7f-a3d4-eb11-bacc-000d3a3b9da0" lookupentity="systemuser" lookupentityname="Anish Maurya" />
        <field name="owningbusinessunit" value="b46946be-74b5-eb11-8236-0022480a01e3" lookupentity="businessunit" />
        <field name="owninguser" value="84ba7f7f-a3d4-eb11-bacc-000d3a3b9da0" lookupentity="systemuser" />
        <field name="lulu_primary_reason" value="902667de-dcef-eb11-bacb-00224809a0e0" lookupentity="lulu_egift_card_reason_codes" lookupentityname="Security Tags" />
        <field name="lulu_name" value="Security Tags- Store" />
        <field name="statecode" value="0" />
        <field name="statuscode" value="1" />
      </record>
      <record id="08f55f05-0cf0-eb11-bacb-00224809aa2c">
        <field name="createdby" value="84ba7f7f-a3d4-eb11-bacc-000d3a3b9da0" lookupentity="systemuser" lookupentityname="Anish Maurya" />
        <field name="createdon" value="2021-07-29T01:27:04.0000000Z" />
        <field name="lulu_egift_card_reason_codesid" value="08f55f05-0cf0-eb11-bacb-00224809aa2c" />
        <field name="importsequencenumber" value="59" />
        <field name="modifiedby" value="84ba7f7f-a3d4-eb11-bacc-000d3a3b9da0" lookupentity="systemuser" lookupentityname="Anish Maurya" />
        <field name="modifiedon" value="2021-07-29T01:27:06.0000000Z" />
        <field name="lulu_notes" value="Courier damaged package in transit" />
        <field name="ownerid" value="84ba7f7f-a3d4-eb11-bacc-000d3a3b9da0" lookupentity="systemuser" lookupentityname="Anish Maurya" />
        <field name="owningbusinessunit" value="b46946be-74b5-eb11-8236-0022480a01e3" lookupentity="businessunit" />
        <field name="owninguser" value="84ba7f7f-a3d4-eb11-bacc-000d3a3b9da0" lookupentity="systemuser" />
        <field name="lulu_primary_reason" value="4fb684ed-dcef-eb11-bacb-00224809a0e0" lookupentity="lulu_egift_card_reason_codes" lookupentityname="Shipping Error" />
        <field name="lulu_name" value="Damaged In Transit" />
        <field name="statecode" value="0" />
        <field name="statuscode" value="1" />
      </record>
      <record id="0af55f05-0cf0-eb11-bacb-00224809aa2c">
        <field name="createdby" value="84ba7f7f-a3d4-eb11-bacc-000d3a3b9da0" lookupentity="systemuser" lookupentityname="Anish Maurya" />
        <field name="createdon" value="2021-07-29T01:27:04.0000000Z" />
        <field name="lulu_egift_card_reason_codesid" value="0af55f05-0cf0-eb11-bacb-00224809aa2c" />
        <field name="importsequencenumber" value="59" />
        <field name="modifiedby" value="84ba7f7f-a3d4-eb11-bacc-000d3a3b9da0" lookupentity="systemuser" lookupentityname="Anish Maurya" />
        <field name="modifiedon" value="2021-07-29T01:27:06.0000000Z" />
        <field name="lulu_notes" value="Courier lost package in transit" />
        <field name="ownerid" value="84ba7f7f-a3d4-eb11-bacc-000d3a3b9da0" lookupentity="systemuser" lookupentityname="Anish Maurya" />
        <field name="owningbusinessunit" value="b46946be-74b5-eb11-8236-0022480a01e3" lookupentity="businessunit" />
        <field name="owninguser" value="84ba7f7f-a3d4-eb11-bacc-000d3a3b9da0" lookupentity="systemuser" />
        <field name="lulu_primary_reason" value="4fb684ed-dcef-eb11-bacb-00224809a0e0" lookupentity="lulu_egift_card_reason_codes" lookupentityname="Shipping Error" />
        <field name="lulu_name" value="Lost In Transit" />
        <field name="statecode" value="0" />
        <field name="statuscode" value="1" />
      </record>
      <record id="0cf55f05-0cf0-eb11-bacb-00224809aa2c">
        <field name="createdby" value="84ba7f7f-a3d4-eb11-bacc-000d3a3b9da0" lookupentity="systemuser" lookupentityname="Anish Maurya" />
        <field name="createdon" value="2021-07-29T01:27:04.0000000Z" />
        <field name="lulu_egift_card_reason_codesid" value="0cf55f05-0cf0-eb11-bacb-00224809aa2c" />
        <field name="importsequencenumber" value="59" />
        <field name="modifiedby" value="84ba7f7f-a3d4-eb11-bacc-000d3a3b9da0" lookupentity="systemuser" lookupentityname="Anish Maurya" />
        <field name="modifiedon" value="2021-07-29T01:27:06.0000000Z" />
        <field name="lulu_notes" value="Courier out package of shipping SLA" />
        <field name="ownerid" value="84ba7f7f-a3d4-eb11-bacc-000d3a3b9da0" lookupentity="systemuser" lookupentityname="Anish Maurya" />
        <field name="owningbusinessunit" value="b46946be-74b5-eb11-8236-0022480a01e3" lookupentity="businessunit" />
        <field name="owninguser" value="84ba7f7f-a3d4-eb11-bacc-000d3a3b9da0" lookupentity="systemuser" />
        <field name="lulu_primary_reason" value="4fb684ed-dcef-eb11-bacb-00224809a0e0" lookupentity="lulu_egift_card_reason_codes" lookupentityname="Shipping Error" />
        <field name="lulu_name" value="Out Of Shipping SLA" />
        <field name="statecode" value="0" />
        <field name="statuscode" value="1" />
      </record>
      <record id="0ef55f05-0cf0-eb11-bacb-00224809aa2c">
        <field name="createdby" value="84ba7f7f-a3d4-eb11-bacc-000d3a3b9da0" lookupentity="systemuser" lookupentityname="Anish Maurya" />
        <field name="createdon" value="2021-07-29T01:27:04.0000000Z" />
        <field name="lulu_egift_card_reason_codesid" value="0ef55f05-0cf0-eb11-bacb-00224809aa2c" />
        <field name="importsequencenumber" value="59" />
        <field name="modifiedby" value="84ba7f7f-a3d4-eb11-bacc-000d3a3b9da0" lookupentity="systemuser" lookupentityname="Anish Maurya" />
        <field name="modifiedon" value="2021-08-13T13:34:20.0000000Z" />
        <field name="lulu_notes" value="This usually comes up for negative hemming experience, were discriminated in store etc." />
        <field name="ownerid" value="84ba7f7f-a3d4-eb11-bacc-000d3a3b9da0" lookupentity="systemuser" lookupentityname="Anish Maurya" />
        <field name="owningbusinessunit" value="b46946be-74b5-eb11-8236-0022480a01e3" lookupentity="businessunit" />
        <field name="owninguser" value="84ba7f7f-a3d4-eb11-bacc-000d3a3b9da0" lookupentity="systemuser" />
        <field name="lulu_primary_reason" value="688f34f7-dcef-eb11-bacb-00224809a0e0" lookupentity="lulu_egift_card_reason_codes" lookupentityname="Store Experience" />
        <field name="lulu_name" value="Negative in-store experience" />
        <field name="statecode" value="0" />
        <field name="statuscode" value="1" />
      </record>
      <record id="10f55f05-0cf0-eb11-bacb-00224809aa2c">
        <field name="createdby" value="84ba7f7f-a3d4-eb11-bacc-000d3a3b9da0" lookupentity="systemuser" lookupentityname="Anish Maurya" />
        <field name="createdon" value="2021-07-29T01:27:04.0000000Z" />
        <field name="lulu_egift_card_reason_codesid" value="10f55f05-0cf0-eb11-bacb-00224809aa2c" />
        <field name="importsequencenumber" value="59" />
        <field name="modifiedby" value="84ba7f7f-a3d4-eb11-bacc-000d3a3b9da0" lookupentity="systemuser" lookupentityname="Anish Maurya" />
        <field name="modifiedon" value="2021-08-13T13:33:39.0000000Z" />
        <field name="lulu_notes" value="Store return where refund was incomplete - need a valid&amp;#160;br&amp;#160;or a receipt&amp;#160;from store" />
        <field name="ownerid" value="84ba7f7f-a3d4-eb11-bacc-000d3a3b9da0" lookupentity="systemuser" lookupentityname="Anish Maurya" />
        <field name="owningbusinessunit" value="b46946be-74b5-eb11-8236-0022480a01e3" lookupentity="businessunit" />
        <field name="owninguser" value="84ba7f7f-a3d4-eb11-bacc-000d3a3b9da0" lookupentity="systemuser" />
        <field name="lulu_primary_reason" value="fae74bfd-dcef-eb11-bacb-00224809a0e0" lookupentity="lulu_egift_card_reason_codes" lookupentityname="Store Return Exception" />
        <field name="lulu_name" value="Refunded incorrect amount" />
        <field name="statecode" value="0" />
        <field name="statuscode" value="1" />
      </record>
      <record id="12f55f05-0cf0-eb11-bacb-00224809aa2c">
        <field name="createdby" value="84ba7f7f-a3d4-eb11-bacc-000d3a3b9da0" lookupentity="systemuser" lookupentityname="Anish Maurya" />
        <field name="createdon" value="2021-07-29T01:27:04.0000000Z" />
        <field name="lulu_egift_card_reason_codesid" value="12f55f05-0cf0-eb11-bacb-00224809aa2c" />
        <field name="importsequencenumber" value="59" />
        <field name="modifiedby" value="84ba7f7f-a3d4-eb11-bacc-000d3a3b9da0" lookupentity="systemuser" lookupentityname="Anish Maurya" />
        <field name="modifiedon" value="2021-08-13T13:33:20.0000000Z" />
        <field name="lulu_notes" value="Return out of 5-7BDS return timeline – refunding for the full amount of the return" />
        <field name="ownerid" value="84ba7f7f-a3d4-eb11-bacc-000d3a3b9da0" lookupentity="systemuser" lookupentityname="Anish Maurya" />
        <field name="owningbusinessunit" value="b46946be-74b5-eb11-8236-0022480a01e3" lookupentity="businessunit" />
        <field name="owninguser" value="84ba7f7f-a3d4-eb11-bacc-000d3a3b9da0" lookupentity="systemuser" />
        <field name="lulu_primary_reason" value="fae74bfd-dcef-eb11-bacb-00224809a0e0" lookupentity="lulu_egift_card_reason_codes" lookupentityname="Store Return Exception" />
        <field name="lulu_name" value="Out of return processing SLA" />
        <field name="statecode" value="0" />
        <field name="statuscode" value="1" />
      </record>
      <record id="14f55f05-0cf0-eb11-bacb-00224809aa2c">
        <field name="createdby" value="84ba7f7f-a3d4-eb11-bacc-000d3a3b9da0" lookupentity="systemuser" lookupentityname="Anish Maurya" />
        <field name="createdon" value="2021-07-29T01:27:04.0000000Z" />
        <field name="lulu_egift_card_reason_codesid" value="14f55f05-0cf0-eb11-bacb-00224809aa2c" />
        <field name="importsequencenumber" value="59" />
        <field name="modifiedby" value="84ba7f7f-a3d4-eb11-bacc-000d3a3b9da0" lookupentity="systemuser" lookupentityname="Anish Maurya" />
        <field name="modifiedon" value="2021-08-13T13:34:53.0000000Z" />
        <field name="lulu_notes" value="Ecom order was incomplete due to system error" />
        <field name="ownerid" value="84ba7f7f-a3d4-eb11-bacc-000d3a3b9da0" lookupentity="systemuser" lookupentityname="Anish Maurya" />
        <field name="owningbusinessunit" value="b46946be-74b5-eb11-8236-0022480a01e3" lookupentity="businessunit" />
        <field name="owninguser" value="84ba7f7f-a3d4-eb11-bacc-000d3a3b9da0" lookupentity="systemuser" />
        <field name="lulu_primary_reason" value="bbd2250d-ddef-eb11-bacb-00224809a0e0" lookupentity="lulu_egift_card_reason_codes" lookupentityname="System error" />
        <field name="lulu_name" value="Check-out error" />
        <field name="statecode" value="0" />
        <field name="statuscode" value="1" />
      </record>
    </records>
    <m2mrelationships />
  </entity>
</entities>