<entities >
  <entity name="lulu_return" displayname="Return for Reason" etc="10541" primaryidfield="lulu_returnid" primarynamefield="lulu_name" disableplugins="false">
    <fields>
      <field displayname="Return for Reason" name="lulu_returnid" type="guid" primaryKey="true" />
      <field displayname="Case Subtype" name="lulu_case_subtype" type="entityreference" lookupType="lulu_case_types" customfield="true" />
      <field displayname="Created By" name="createdby" type="entityreference" lookupType="systemuser" />
      <field displayname="Created By (Delegate)" name="createdonbehalfby" type="entityreference" lookupType="systemuser" />
      <field displayname="Created On" name="createdon" type="datetime" />
      <field displayname="Import Sequence Number" name="importsequencenumber" type="number" />
      <field displayname="Modified By" name="modifiedby" type="entityreference" lookupType="systemuser" />
      <field displayname="Modified By (Delegate)" name="modifiedonbehalfby" type="entityreference" lookupType="systemuser" />
      <field displayname="Modified On" name="modifiedon" type="datetime" />
      <field displayname="Name" name="lulu_name" type="string" customfield="true" />
      <field displayname="Organization Id" name="organizationid" type="entityreference" lookupType="organization" />
      <field displayname="Record Created On" name="overriddencreatedon" type="datetime" />
      <field displayname="Status" name="statecode" type="state" />
      <field displayname="Status Reason" name="statuscode" type="status" />
      <field displayname="Time Zone Rule Version Number" name="timezoneruleversionnumber" type="number" />
      <field displayname="UTC Conversion Time Zone Code" name="utcconversiontimezonecode" type="number" />
      <field displayname="Version Number" name="versionnumber" type="bigint" />
      <field displayname="Code" name="lulu_code" type="string" customfield="true" />
    </fields>
    <relationships />
  </entity>
</entities>