
<entities xmlns:xsd="http://www.w3.org/2001/XMLSchema" xmlns:xsi="http://www.w3.org/2001/XMLSchema-instance" timestamp="2021-09-03T14:13:40.4303447Z">
  <entity name="lulu_return" displayname="Return for Reason">
    <records>
      <record id="443ebb4a-9fff-eb11-94ef-000d3a5b341f">
        <field name="lulu_returnid" value="443ebb4a-9fff-eb11-94ef-000d3a5b341f" />
        <field name="lulu_case_subtype" value="11f8ea66-60d0-eb11-8235-000d3a3abd9e" lookupentity="lulu_case_types" lookupentityname="Product not Performing Return" />
        <field name="createdby" value="9236ce40-39d6-eb11-bacb-00224804c7ac" lookupentity="systemuser" lookupentityname="King Yeung" />
        <field name="createdon" value="2021-08-17T21:08:43.0000000Z" />
        <field name="modifiedby" value="84ba7f7f-a3d4-eb11-bacc-000d3a3b9da0" lookupentity="systemuser" lookupentityname="Anish Maurya" />
        <field name="modifiedon" value="2021-09-02T14:16:57.0000000Z" />
        <field name="lulu_name" value="Broken drawstring" />
        <field name="organizationid" value="2441e7e2-77e2-4b0a-98ee-42eb3aca494d" lookupentity="organization" lookupentityname="gecdev" />
        <field name="statecode" value="0" />
        <field name="statuscode" value="1" />
        <field name="lulu_code" value="PRT0V002" />
      </record>
      <record id="745b59d3-9fff-eb11-94ee-000d3a5b3f4d">
        <field name="lulu_returnid" value="745b59d3-9fff-eb11-94ee-000d3a5b3f4d" />
        <field name="lulu_case_subtype" value="11f8ea66-60d0-eb11-8235-000d3a3abd9e" lookupentity="lulu_case_types" lookupentityname="Product not Performing Return" />
        <field name="createdby" value="9236ce40-39d6-eb11-bacb-00224804c7ac" lookupentity="systemuser" lookupentityname="King Yeung" />
        <field name="createdon" value="2021-08-17T21:12:39.0000000Z" />
        <field name="importsequencenumber" value="68" />
        <field name="modifiedby" value="84ba7f7f-a3d4-eb11-bacc-000d3a3b9da0" lookupentity="systemuser" lookupentityname="Anish Maurya" />
        <field name="modifiedon" value="2021-09-02T14:17:44.0000000Z" />
        <field name="lulu_name" value="Coverage" />
        <field name="organizationid" value="2441e7e2-77e2-4b0a-98ee-42eb3aca494d" lookupentity="organization" lookupentityname="gecdev" />
        <field name="statecode" value="0" />
        <field name="statuscode" value="1" />
        <field name="lulu_code" value="PRT0V007" />
      </record>
      <record id="765b59d3-9fff-eb11-94ee-000d3a5b3f4d">
        <field name="lulu_returnid" value="765b59d3-9fff-eb11-94ee-000d3a5b3f4d" />
        <field name="lulu_case_subtype" value="11f8ea66-60d0-eb11-8235-000d3a3abd9e" lookupentity="lulu_case_types" lookupentityname="Product not Performing Return" />
        <field name="createdby" value="9236ce40-39d6-eb11-bacb-00224804c7ac" lookupentity="systemuser" lookupentityname="King Yeung" />
        <field name="createdon" value="2021-08-17T21:12:39.0000000Z" />
        <field name="importsequencenumber" value="68" />
        <field name="modifiedby" value="84ba7f7f-a3d4-eb11-bacc-000d3a3b9da0" lookupentity="systemuser" lookupentityname="Anish Maurya" />
        <field name="modifiedon" value="2021-09-02T14:18:06.0000000Z" />
        <field name="lulu_name" value="Damaged" />
        <field name="organizationid" value="2441e7e2-77e2-4b0a-98ee-42eb3aca494d" lookupentity="organization" lookupentityname="gecdev" />
        <field name="statecode" value="0" />
        <field name="statuscode" value="1" />
        <field name="lulu_code" value="PRT0V009" />
      </record>
      <record id="785b59d3-9fff-eb11-94ee-000d3a5b3f4d">
        <field name="lulu_returnid" value="785b59d3-9fff-eb11-94ee-000d3a5b3f4d" />
        <field name="lulu_case_subtype" value="11f8ea66-60d0-eb11-8235-000d3a3abd9e" lookupentity="lulu_case_types" lookupentityname="Product not Performing Return" />
        <field name="createdby" value="9236ce40-39d6-eb11-bacb-00224804c7ac" lookupentity="systemuser" lookupentityname="King Yeung" />
        <field name="createdon" value="2021-08-17T21:12:40.0000000Z" />
        <field name="importsequencenumber" value="68" />
        <field name="modifiedby" value="84ba7f7f-a3d4-eb11-bacc-000d3a3b9da0" lookupentity="systemuser" lookupentityname="Anish Maurya" />
        <field name="modifiedon" value="2021-09-02T14:17:44.0000000Z" />
        <field name="lulu_name" value="Filling coming out" />
        <field name="organizationid" value="2441e7e2-77e2-4b0a-98ee-42eb3aca494d" lookupentity="organization" lookupentityname="gecdev" />
        <field name="statecode" value="0" />
        <field name="statuscode" value="1" />
        <field name="lulu_code" value="PRT0V007" />
      </record>
      <record id="7a5b59d3-9fff-eb11-94ee-000d3a5b3f4d">
        <field name="lulu_returnid" value="7a5b59d3-9fff-eb11-94ee-000d3a5b3f4d" />
        <field name="lulu_case_subtype" value="11f8ea66-60d0-eb11-8235-000d3a3abd9e" lookupentity="lulu_case_types" lookupentityname="Product not Performing Return" />
        <field name="createdby" value="9236ce40-39d6-eb11-bacb-00224804c7ac" lookupentity="systemuser" lookupentityname="King Yeung" />
        <field name="createdon" value="2021-08-17T21:12:40.0000000Z" />
        <field name="importsequencenumber" value="68" />
        <field name="modifiedby" value="84ba7f7f-a3d4-eb11-bacc-000d3a3b9da0" lookupentity="systemuser" lookupentityname="Anish Maurya" />
        <field name="modifiedon" value="2021-09-02T14:16:58.0000000Z" />
        <field name="lulu_name" value="Fit" />
        <field name="organizationid" value="2441e7e2-77e2-4b0a-98ee-42eb3aca494d" lookupentity="organization" lookupentityname="gecdev" />
        <field name="statecode" value="0" />
        <field name="statuscode" value="1" />
        <field name="lulu_code" value="PRT0V002" />
      </record>
      <record id="7c5b59d3-9fff-eb11-94ee-000d3a5b3f4d">
        <field name="lulu_returnid" value="7c5b59d3-9fff-eb11-94ee-000d3a5b3f4d" />
        <field name="lulu_case_subtype" value="11f8ea66-60d0-eb11-8235-000d3a3abd9e" lookupentity="lulu_case_types" lookupentityname="Product not Performing Return" />
        <field name="createdby" value="9236ce40-39d6-eb11-bacb-00224804c7ac" lookupentity="systemuser" lookupentityname="King Yeung" />
        <field name="createdon" value="2021-08-17T21:12:40.0000000Z" />
        <field name="importsequencenumber" value="68" />
        <field name="modifiedby" value="84ba7f7f-a3d4-eb11-bacc-000d3a3b9da0" lookupentity="systemuser" lookupentityname="Anish Maurya" />
        <field name="modifiedon" value="2021-09-02T14:16:58.0000000Z" />
        <field name="lulu_name" value="Hole in pocket" />
        <field name="organizationid" value="2441e7e2-77e2-4b0a-98ee-42eb3aca494d" lookupentity="organization" lookupentityname="gecdev" />
        <field name="statecode" value="0" />
        <field name="statuscode" value="1" />
        <field name="lulu_code" value="PRT0V002" />
      </record>
      <record id="7e5b59d3-9fff-eb11-94ee-000d3a5b3f4d">
        <field name="lulu_returnid" value="7e5b59d3-9fff-eb11-94ee-000d3a5b3f4d" />
        <field name="lulu_case_subtype" value="11f8ea66-60d0-eb11-8235-000d3a3abd9e" lookupentity="lulu_case_types" lookupentityname="Product not Performing Return" />
        <field name="createdby" value="9236ce40-39d6-eb11-bacb-00224804c7ac" lookupentity="systemuser" lookupentityname="King Yeung" />
        <field name="createdon" value="2021-08-17T21:12:40.0000000Z" />
        <field name="importsequencenumber" value="68" />
        <field name="modifiedby" value="84ba7f7f-a3d4-eb11-bacc-000d3a3b9da0" lookupentity="systemuser" lookupentityname="Anish Maurya" />
        <field name="modifiedon" value="2021-09-02T14:18:37.0000000Z" />
        <field name="lulu_name" value="Socks/Underwear" />
        <field name="organizationid" value="2441e7e2-77e2-4b0a-98ee-42eb3aca494d" lookupentity="organization" lookupentityname="gecdev" />
        <field name="statecode" value="0" />
        <field name="statuscode" value="1" />
        <field name="lulu_code" value="PRT00ER3" />
      </record>
      <record id="805b59d3-9fff-eb11-94ee-000d3a5b3f4d">
        <field name="lulu_returnid" value="805b59d3-9fff-eb11-94ee-000d3a5b3f4d" />
        <field name="lulu_case_subtype" value="11f8ea66-60d0-eb11-8235-000d3a3abd9e" lookupentity="lulu_case_types" lookupentityname="Product not Performing Return" />
        <field name="createdby" value="9236ce40-39d6-eb11-bacb-00224804c7ac" lookupentity="systemuser" lookupentityname="King Yeung" />
        <field name="createdon" value="2021-08-17T21:12:40.0000000Z" />
        <field name="importsequencenumber" value="68" />
        <field name="modifiedby" value="84ba7f7f-a3d4-eb11-bacc-000d3a3b9da0" lookupentity="systemuser" lookupentityname="Anish Maurya" />
        <field name="modifiedon" value="2021-09-02T14:17:44.0000000Z" />
        <field name="lulu_name" value="Pilling" />
        <field name="organizationid" value="2441e7e2-77e2-4b0a-98ee-42eb3aca494d" lookupentity="organization" lookupentityname="gecdev" />
        <field name="statecode" value="0" />
        <field name="statuscode" value="1" />
        <field name="lulu_code" value="PRT0V007" />
      </record>
      <record id="825b59d3-9fff-eb11-94ee-000d3a5b3f4d">
        <field name="lulu_returnid" value="825b59d3-9fff-eb11-94ee-000d3a5b3f4d" />
        <field name="lulu_case_subtype" value="11f8ea66-60d0-eb11-8235-000d3a3abd9e" lookupentity="lulu_case_types" lookupentityname="Product not Performing Return" />
        <field name="createdby" value="9236ce40-39d6-eb11-bacb-00224804c7ac" lookupentity="systemuser" lookupentityname="King Yeung" />
        <field name="createdon" value="2021-08-17T21:12:40.0000000Z" />
        <field name="importsequencenumber" value="68" />
        <field name="modifiedby" value="84ba7f7f-a3d4-eb11-bacc-000d3a3b9da0" lookupentity="systemuser" lookupentityname="Anish Maurya" />
        <field name="modifiedon" value="2021-09-02T14:16:58.0000000Z" />
        <field name="lulu_name" value="Retention" />
        <field name="organizationid" value="2441e7e2-77e2-4b0a-98ee-42eb3aca494d" lookupentity="organization" lookupentityname="gecdev" />
        <field name="statecode" value="0" />
        <field name="statuscode" value="1" />
        <field name="lulu_code" value="PRT0V002" />
      </record>
      <record id="845b59d3-9fff-eb11-94ee-000d3a5b3f4d">
        <field name="lulu_returnid" value="845b59d3-9fff-eb11-94ee-000d3a5b3f4d" />
        <field name="lulu_case_subtype" value="11f8ea66-60d0-eb11-8235-000d3a3abd9e" lookupentity="lulu_case_types" lookupentityname="Product not Performing Return" />
        <field name="createdby" value="9236ce40-39d6-eb11-bacb-00224804c7ac" lookupentity="systemuser" lookupentityname="King Yeung" />
        <field name="createdon" value="2021-08-17T21:12:40.0000000Z" />
        <field name="importsequencenumber" value="68" />
        <field name="modifiedby" value="84ba7f7f-a3d4-eb11-bacc-000d3a3b9da0" lookupentity="systemuser" lookupentityname="Anish Maurya" />
        <field name="modifiedon" value="2021-09-02T14:19:05.0000000Z" />
        <field name="lulu_name" value="Stain" />
        <field name="organizationid" value="2441e7e2-77e2-4b0a-98ee-42eb3aca494d" lookupentity="organization" lookupentityname="gecdev" />
        <field name="statecode" value="0" />
        <field name="statuscode" value="1" />
        <field name="lulu_code" value="PRT0V006" />
      </record>
      <record id="865b59d3-9fff-eb11-94ee-000d3a5b3f4d">
        <field name="lulu_returnid" value="865b59d3-9fff-eb11-94ee-000d3a5b3f4d" />
        <field name="lulu_case_subtype" value="11f8ea66-60d0-eb11-8235-000d3a3abd9e" lookupentity="lulu_case_types" lookupentityname="Product not Performing Return" />
        <field name="createdby" value="9236ce40-39d6-eb11-bacb-00224804c7ac" lookupentity="systemuser" lookupentityname="King Yeung" />
        <field name="createdon" value="2021-08-17T21:12:40.0000000Z" />
        <field name="importsequencenumber" value="68" />
        <field name="modifiedby" value="84ba7f7f-a3d4-eb11-bacc-000d3a3b9da0" lookupentity="systemuser" lookupentityname="Anish Maurya" />
        <field name="modifiedon" value="2021-09-02T14:16:58.0000000Z" />
        <field name="lulu_name" value="Stitching unraveling" />
        <field name="organizationid" value="2441e7e2-77e2-4b0a-98ee-42eb3aca494d" lookupentity="organization" lookupentityname="gecdev" />
        <field name="statecode" value="0" />
        <field name="statuscode" value="1" />
        <field name="lulu_code" value="PRT0V002" />
      </record>
      <record id="885b59d3-9fff-eb11-94ee-000d3a5b3f4d">
        <field name="lulu_returnid" value="885b59d3-9fff-eb11-94ee-000d3a5b3f4d" />
        <field name="lulu_case_subtype" value="11f8ea66-60d0-eb11-8235-000d3a3abd9e" lookupentity="lulu_case_types" lookupentityname="Product not Performing Return" />
        <field name="createdby" value="9236ce40-39d6-eb11-bacb-00224804c7ac" lookupentity="systemuser" lookupentityname="King Yeung" />
        <field name="createdon" value="2021-08-17T21:12:40.0000000Z" />
        <field name="importsequencenumber" value="68" />
        <field name="modifiedby" value="84ba7f7f-a3d4-eb11-bacc-000d3a3b9da0" lookupentity="systemuser" lookupentityname="Anish Maurya" />
        <field name="modifiedon" value="2021-09-02T14:17:44.0000000Z" />
        <field name="lulu_name" value="Zipper" />
        <field name="organizationid" value="2441e7e2-77e2-4b0a-98ee-42eb3aca494d" lookupentity="organization" lookupentityname="gecdev" />
        <field name="statecode" value="0" />
        <field name="statuscode" value="1" />
        <field name="lulu_code" value="PRT0V007" />
      </record>
      <record id="8a5b59d3-9fff-eb11-94ee-000d3a5b3f4d">
        <field name="lulu_returnid" value="8a5b59d3-9fff-eb11-94ee-000d3a5b3f4d" />
        <field name="lulu_case_subtype" value="0df8ea66-60d0-eb11-8235-000d3a3abd9e" lookupentity="lulu_case_types" lookupentityname="Regular Return" />
        <field name="createdby" value="9236ce40-39d6-eb11-bacb-00224804c7ac" lookupentity="systemuser" lookupentityname="King Yeung" />
        <field name="createdon" value="2021-08-17T21:12:40.0000000Z" />
        <field name="importsequencenumber" value="68" />
        <field name="modifiedby" value="84ba7f7f-a3d4-eb11-bacc-000d3a3b9da0" lookupentity="systemuser" lookupentityname="Anish Maurya" />
        <field name="modifiedon" value="2021-09-02T14:19:23.0000000Z" />
        <field name="lulu_name" value="Too big" />
        <field name="organizationid" value="2441e7e2-77e2-4b0a-98ee-42eb3aca494d" lookupentity="organization" lookupentityname="gecdev" />
        <field name="statecode" value="0" />
        <field name="statuscode" value="1" />
        <field name="lulu_code" value="PRT00ER6" />
      </record>
      <record id="8c5b59d3-9fff-eb11-94ee-000d3a5b3f4d">
        <field name="lulu_returnid" value="8c5b59d3-9fff-eb11-94ee-000d3a5b3f4d" />
        <field name="lulu_case_subtype" value="0df8ea66-60d0-eb11-8235-000d3a3abd9e" lookupentity="lulu_case_types" lookupentityname="Regular Return" />
        <field name="createdby" value="9236ce40-39d6-eb11-bacb-00224804c7ac" lookupentity="systemuser" lookupentityname="King Yeung" />
        <field name="createdon" value="2021-08-17T21:12:40.0000000Z" />
        <field name="importsequencenumber" value="68" />
        <field name="modifiedby" value="3b831a6b-43c9-eb11-bacc-000d3a5a149f" lookupentity="systemuser" lookupentityname="Roina Bastos" />
        <field name="modifiedon" value="2021-09-03T13:46:55.0000000Z" />
        <field name="lulu_name" value="Too small" />
        <field name="organizationid" value="2441e7e2-77e2-4b0a-98ee-42eb3aca494d" lookupentity="organization" lookupentityname="gecdev" />
        <field name="statecode" value="0" />
        <field name="statuscode" value="1" />
        <field name="lulu_code" value="PRT00ER2" />
      </record>
      <record id="8e5b59d3-9fff-eb11-94ee-000d3a5b3f4d">
        <field name="lulu_returnid" value="8e5b59d3-9fff-eb11-94ee-000d3a5b3f4d" />
        <field name="lulu_case_subtype" value="0df8ea66-60d0-eb11-8235-000d3a3abd9e" lookupentity="lulu_case_types" lookupentityname="Regular Return" />
        <field name="createdby" value="9236ce40-39d6-eb11-bacb-00224804c7ac" lookupentity="systemuser" lookupentityname="King Yeung" />
        <field name="createdon" value="2021-08-17T21:12:40.0000000Z" />
        <field name="importsequencenumber" value="68" />
        <field name="modifiedby" value="84ba7f7f-a3d4-eb11-bacc-000d3a3b9da0" lookupentity="systemuser" lookupentityname="Anish Maurya" />
        <field name="modifiedon" value="2021-09-02T14:18:24.0000000Z" />
        <field name="lulu_name" value="Aesthetics" />
        <field name="organizationid" value="2441e7e2-77e2-4b0a-98ee-42eb3aca494d" lookupentity="organization" lookupentityname="gecdev" />
        <field name="statecode" value="0" />
        <field name="statuscode" value="1" />
        <field name="lulu_code" value="PRT00ER1" />
      </record>
    </records>
    <m2mrelationships />
  </entity>
</entities>