
<entities xmlns:xsd="http://www.w3.org/2001/XMLSchema" xmlns:xsi="http://www.w3.org/2001/XMLSchema-instance" timestamp="2021-08-27T21:05:23.7835473Z">
  <entity name="lulu_qareasons" displayname="QA Reasons">
    <records>
      <record id="28ed6d26-2bdf-eb11-bacb-0022480812b6">
        <field name="lulu_code" value="PRT0V002" />
        <field name="createdby" value="ed1e6f9b-b3b8-eb11-8236-000d3a595dd5" lookupentity="systemuser" lookupentityname="Sergio Hernandez" />
        <field name="createdon" value="2021-07-07T13:56:49.0000000Z" />
        <field name="modifiedby" value="ed1e6f9b-b3b8-eb11-8236-000d3a595dd5" lookupentity="systemuser" lookupentityname="Sergio Hernandez" />
        <field name="modifiedon" value="2021-07-07T13:56:49.0000000Z" />
        <field name="lulu_name" value="Broken snap" />
        <field name="organizationid" value="2441e7e2-77e2-4b0a-98ee-42eb3aca494d" lookupentity="organization" lookupentityname="gecdev" />
        <field name="lulu_qareasonsid" value="28ed6d26-2bdf-eb11-bacb-0022480812b6" />
        <field name="statecode" value="0" />
        <field name="statuscode" value="1" />
      </record>
      <record id="9ced0318-9806-ec11-94ee-0022480980bb">
        <field name="lulu_code" value="PRT0V009" />
        <field name="createdby" value="ed1e6f9b-b3b8-eb11-8236-000d3a595dd5" lookupentity="systemuser" lookupentityname="Sergio Hernandez" />
        <field name="createdon" value="2021-08-26T18:04:56.0000000Z" />
        <field name="importsequencenumber" value="77" />
        <field name="modifiedby" value="ed1e6f9b-b3b8-eb11-8236-000d3a595dd5" lookupentity="systemuser" lookupentityname="Sergio Hernandez" />
        <field name="modifiedon" value="2021-08-26T18:04:56.0000000Z" />
        <field name="lulu_name" value="B grade product" />
        <field name="organizationid" value="2441e7e2-77e2-4b0a-98ee-42eb3aca494d" lookupentity="organization" lookupentityname="gecdev" />
        <field name="lulu_qareasonsid" value="9ced0318-9806-ec11-94ee-0022480980bb" />
        <field name="statecode" value="0" />
        <field name="statuscode" value="1" />
      </record>
      <record id="9eed0318-9806-ec11-94ee-0022480980bb">
        <field name="lulu_code" value="PRT0V006" />
        <field name="createdby" value="ed1e6f9b-b3b8-eb11-8236-000d3a595dd5" lookupentity="systemuser" lookupentityname="Sergio Hernandez" />
        <field name="createdon" value="2021-08-26T18:04:56.0000000Z" />
        <field name="importsequencenumber" value="77" />
        <field name="modifiedby" value="ed1e6f9b-b3b8-eb11-8236-000d3a595dd5" lookupentity="systemuser" lookupentityname="Sergio Hernandez" />
        <field name="modifiedon" value="2021-08-26T18:04:56.0000000Z" />
        <field name="lulu_name" value="Colour bleeding" />
        <field name="organizationid" value="2441e7e2-77e2-4b0a-98ee-42eb3aca494d" lookupentity="organization" lookupentityname="gecdev" />
        <field name="lulu_qareasonsid" value="9eed0318-9806-ec11-94ee-0022480980bb" />
        <field name="statecode" value="0" />
        <field name="statuscode" value="1" />
      </record>
      <record id="a0ed0318-9806-ec11-94ee-0022480980bb">
        <field name="lulu_code" value="PRT0V002" />
        <field name="createdby" value="ed1e6f9b-b3b8-eb11-8236-000d3a595dd5" lookupentity="systemuser" lookupentityname="Sergio Hernandez" />
        <field name="createdon" value="2021-08-26T18:04:56.0000000Z" />
        <field name="importsequencenumber" value="77" />
        <field name="modifiedby" value="ed1e6f9b-b3b8-eb11-8236-000d3a595dd5" lookupentity="systemuser" lookupentityname="Sergio Hernandez" />
        <field name="modifiedon" value="2021-08-26T18:04:56.0000000Z" />
        <field name="lulu_name" value="Construction" />
        <field name="organizationid" value="2441e7e2-77e2-4b0a-98ee-42eb3aca494d" lookupentity="organization" lookupentityname="gecdev" />
        <field name="lulu_qareasonsid" value="a0ed0318-9806-ec11-94ee-0022480980bb" />
        <field name="statecode" value="0" />
        <field name="statuscode" value="1" />
      </record>
      <record id="a2ed0318-9806-ec11-94ee-0022480980bb">
        <field name="lulu_code" value="PRT0V007" />
        <field name="createdby" value="ed1e6f9b-b3b8-eb11-8236-000d3a595dd5" lookupentity="systemuser" lookupentityname="Sergio Hernandez" />
        <field name="createdon" value="2021-08-26T18:04:56.0000000Z" />
        <field name="importsequencenumber" value="77" />
        <field name="modifiedby" value="ed1e6f9b-b3b8-eb11-8236-000d3a595dd5" lookupentity="systemuser" lookupentityname="Sergio Hernandez" />
        <field name="modifiedon" value="2021-08-26T18:04:56.0000000Z" />
        <field name="lulu_name" value="Coverage/sheerness" />
        <field name="organizationid" value="2441e7e2-77e2-4b0a-98ee-42eb3aca494d" lookupentity="organization" lookupentityname="gecdev" />
        <field name="lulu_qareasonsid" value="a2ed0318-9806-ec11-94ee-0022480980bb" />
        <field name="statecode" value="0" />
        <field name="statuscode" value="1" />
      </record>
      <record id="a4ed0318-9806-ec11-94ee-0022480980bb">
        <field name="lulu_code" value="PRT0V007" />
        <field name="createdby" value="ed1e6f9b-b3b8-eb11-8236-000d3a595dd5" lookupentity="systemuser" lookupentityname="Sergio Hernandez" />
        <field name="createdon" value="2021-08-26T18:04:56.0000000Z" />
        <field name="importsequencenumber" value="77" />
        <field name="modifiedby" value="ed1e6f9b-b3b8-eb11-8236-000d3a595dd5" lookupentity="systemuser" lookupentityname="Sergio Hernandez" />
        <field name="modifiedon" value="2021-08-26T18:04:56.0000000Z" />
        <field name="lulu_name" value="Defective trim (including zipper)" />
        <field name="organizationid" value="2441e7e2-77e2-4b0a-98ee-42eb3aca494d" lookupentity="organization" lookupentityname="gecdev" />
        <field name="lulu_qareasonsid" value="a4ed0318-9806-ec11-94ee-0022480980bb" />
        <field name="statecode" value="0" />
        <field name="statuscode" value="1" />
      </record>
      <record id="a6ed0318-9806-ec11-94ee-0022480980bb">
        <field name="lulu_code" value="PRT00ER1" />
        <field name="createdby" value="ed1e6f9b-b3b8-eb11-8236-000d3a595dd5" lookupentity="systemuser" lookupentityname="Sergio Hernandez" />
        <field name="createdon" value="2021-08-26T18:04:56.0000000Z" />
        <field name="importsequencenumber" value="77" />
        <field name="modifiedby" value="ed1e6f9b-b3b8-eb11-8236-000d3a595dd5" lookupentity="systemuser" lookupentityname="Sergio Hernandez" />
        <field name="modifiedon" value="2021-08-26T18:04:56.0000000Z" />
        <field name="lulu_name" value="Design Aesthetic" />
        <field name="organizationid" value="2441e7e2-77e2-4b0a-98ee-42eb3aca494d" lookupentity="organization" lookupentityname="gecdev" />
        <field name="lulu_qareasonsid" value="a6ed0318-9806-ec11-94ee-0022480980bb" />
        <field name="statecode" value="0" />
        <field name="statuscode" value="1" />
      </record>
      <record id="a8ed0318-9806-ec11-94ee-0022480980bb">
        <field name="lulu_code" value="PRT0V006" />
        <field name="createdby" value="ed1e6f9b-b3b8-eb11-8236-000d3a595dd5" lookupentity="systemuser" lookupentityname="Sergio Hernandez" />
        <field name="createdon" value="2021-08-26T18:04:56.0000000Z" />
        <field name="importsequencenumber" value="77" />
        <field name="modifiedby" value="ed1e6f9b-b3b8-eb11-8236-000d3a595dd5" lookupentity="systemuser" lookupentityname="Sergio Hernandez" />
        <field name="modifiedon" value="2021-08-26T18:04:56.0000000Z" />
        <field name="lulu_name" value="Discolouration" />
        <field name="organizationid" value="2441e7e2-77e2-4b0a-98ee-42eb3aca494d" lookupentity="organization" lookupentityname="gecdev" />
        <field name="lulu_qareasonsid" value="a8ed0318-9806-ec11-94ee-0022480980bb" />
        <field name="statecode" value="0" />
        <field name="statuscode" value="1" />
      </record>
      <record id="aaed0318-9806-ec11-94ee-0022480980bb">
        <field name="lulu_code" value="PRT00ER5" />
        <field name="createdby" value="ed1e6f9b-b3b8-eb11-8236-000d3a595dd5" lookupentity="systemuser" lookupentityname="Sergio Hernandez" />
        <field name="createdon" value="2021-08-26T18:04:56.0000000Z" />
        <field name="importsequencenumber" value="77" />
        <field name="modifiedby" value="ed1e6f9b-b3b8-eb11-8236-000d3a595dd5" lookupentity="systemuser" lookupentityname="Sergio Hernandez" />
        <field name="modifiedon" value="2021-08-26T18:04:56.0000000Z" />
        <field name="lulu_name" value="Ecomm Price Adjustment" />
        <field name="organizationid" value="2441e7e2-77e2-4b0a-98ee-42eb3aca494d" lookupentity="organization" lookupentityname="gecdev" />
        <field name="lulu_qareasonsid" value="aaed0318-9806-ec11-94ee-0022480980bb" />
        <field name="statecode" value="0" />
        <field name="statuscode" value="1" />
      </record>
      <record id="aced0318-9806-ec11-94ee-0022480980bb">
        <field name="lulu_code" value="PRT00ER6" />
        <field name="createdby" value="ed1e6f9b-b3b8-eb11-8236-000d3a595dd5" lookupentity="systemuser" lookupentityname="Sergio Hernandez" />
        <field name="createdon" value="2021-08-26T18:04:56.0000000Z" />
        <field name="importsequencenumber" value="77" />
        <field name="modifiedby" value="ed1e6f9b-b3b8-eb11-8236-000d3a595dd5" lookupentity="systemuser" lookupentityname="Sergio Hernandez" />
        <field name="modifiedon" value="2021-08-26T18:04:56.0000000Z" />
        <field name="lulu_name" value="Fit too big" />
        <field name="organizationid" value="2441e7e2-77e2-4b0a-98ee-42eb3aca494d" lookupentity="organization" lookupentityname="gecdev" />
        <field name="lulu_qareasonsid" value="aced0318-9806-ec11-94ee-0022480980bb" />
        <field name="statecode" value="0" />
        <field name="statuscode" value="1" />
      </record>
      <record id="aeed0318-9806-ec11-94ee-0022480980bb">
        <field name="lulu_code" value="PRT00ER2" />
        <field name="createdby" value="ed1e6f9b-b3b8-eb11-8236-000d3a595dd5" lookupentity="systemuser" lookupentityname="Sergio Hernandez" />
        <field name="createdon" value="2021-08-26T18:04:56.0000000Z" />
        <field name="importsequencenumber" value="77" />
        <field name="modifiedby" value="ed1e6f9b-b3b8-eb11-8236-000d3a595dd5" lookupentity="systemuser" lookupentityname="Sergio Hernandez" />
        <field name="modifiedon" value="2021-08-26T18:04:56.0000000Z" />
        <field name="lulu_name" value="Fit too small" />
        <field name="organizationid" value="2441e7e2-77e2-4b0a-98ee-42eb3aca494d" lookupentity="organization" lookupentityname="gecdev" />
        <field name="lulu_qareasonsid" value="aeed0318-9806-ec11-94ee-0022480980bb" />
        <field name="statecode" value="0" />
        <field name="statuscode" value="1" />
      </record>
      <record id="b0ed0318-9806-ec11-94ee-0022480980bb">
        <field name="lulu_code" value="PRT0V002" />
        <field name="createdby" value="ed1e6f9b-b3b8-eb11-8236-000d3a595dd5" lookupentity="systemuser" lookupentityname="Sergio Hernandez" />
        <field name="createdon" value="2021-08-26T18:04:56.0000000Z" />
        <field name="importsequencenumber" value="77" />
        <field name="modifiedby" value="ed1e6f9b-b3b8-eb11-8236-000d3a595dd5" lookupentity="systemuser" lookupentityname="Sergio Hernandez" />
        <field name="modifiedon" value="2021-08-26T18:04:56.0000000Z" />
        <field name="lulu_name" value="Hole/snag/pull" />
        <field name="organizationid" value="2441e7e2-77e2-4b0a-98ee-42eb3aca494d" lookupentity="organization" lookupentityname="gecdev" />
        <field name="lulu_qareasonsid" value="b0ed0318-9806-ec11-94ee-0022480980bb" />
        <field name="statecode" value="0" />
        <field name="statuscode" value="1" />
      </record>
      <record id="b2ed0318-9806-ec11-94ee-0022480980bb">
        <field name="lulu_code" value="PRT0V007" />
        <field name="createdby" value="ed1e6f9b-b3b8-eb11-8236-000d3a595dd5" lookupentity="systemuser" lookupentityname="Sergio Hernandez" />
        <field name="createdon" value="2021-08-26T18:04:56.0000000Z" />
        <field name="importsequencenumber" value="77" />
        <field name="modifiedby" value="ed1e6f9b-b3b8-eb11-8236-000d3a595dd5" lookupentity="systemuser" lookupentityname="Sergio Hernandez" />
        <field name="modifiedon" value="2021-08-26T18:04:56.0000000Z" />
        <field name="lulu_name" value="Logo" />
        <field name="organizationid" value="2441e7e2-77e2-4b0a-98ee-42eb3aca494d" lookupentity="organization" lookupentityname="gecdev" />
        <field name="lulu_qareasonsid" value="b2ed0318-9806-ec11-94ee-0022480980bb" />
        <field name="statecode" value="0" />
        <field name="statuscode" value="1" />
      </record>
      <record id="b4ed0318-9806-ec11-94ee-0022480980bb">
        <field name="lulu_code" value="PRT00605" />
        <field name="createdby" value="ed1e6f9b-b3b8-eb11-8236-000d3a595dd5" lookupentity="systemuser" lookupentityname="Sergio Hernandez" />
        <field name="createdon" value="2021-08-26T18:04:56.0000000Z" />
        <field name="importsequencenumber" value="77" />
        <field name="modifiedby" value="ed1e6f9b-b3b8-eb11-8236-000d3a595dd5" lookupentity="systemuser" lookupentityname="Sergio Hernandez" />
        <field name="modifiedon" value="2021-08-26T18:04:56.0000000Z" />
        <field name="lulu_name" value="Not a quality issue" />
        <field name="organizationid" value="2441e7e2-77e2-4b0a-98ee-42eb3aca494d" lookupentity="organization" lookupentityname="gecdev" />
        <field name="lulu_qareasonsid" value="b4ed0318-9806-ec11-94ee-0022480980bb" />
        <field name="statecode" value="0" />
        <field name="statuscode" value="1" />
      </record>
      <record id="b6ed0318-9806-ec11-94ee-0022480980bb">
        <field name="lulu_code" value="PRT00ER3" />
        <field name="createdby" value="ed1e6f9b-b3b8-eb11-8236-000d3a595dd5" lookupentity="systemuser" lookupentityname="Sergio Hernandez" />
        <field name="createdon" value="2021-08-26T18:04:56.0000000Z" />
        <field name="importsequencenumber" value="77" />
        <field name="modifiedby" value="ed1e6f9b-b3b8-eb11-8236-000d3a595dd5" lookupentity="systemuser" lookupentityname="Sergio Hernandez" />
        <field name="modifiedon" value="2021-08-26T18:04:56.0000000Z" />
        <field name="lulu_name" value="Other" />
        <field name="organizationid" value="2441e7e2-77e2-4b0a-98ee-42eb3aca494d" lookupentity="organization" lookupentityname="gecdev" />
        <field name="lulu_qareasonsid" value="b6ed0318-9806-ec11-94ee-0022480980bb" />
        <field name="statecode" value="0" />
        <field name="statuscode" value="1" />
      </record>
      <record id="b8ed0318-9806-ec11-94ee-0022480980bb">
        <field name="lulu_code" value="PRT0V009" />
        <field name="createdby" value="ed1e6f9b-b3b8-eb11-8236-000d3a595dd5" lookupentity="systemuser" lookupentityname="Sergio Hernandez" />
        <field name="createdon" value="2021-08-26T18:04:56.0000000Z" />
        <field name="importsequencenumber" value="77" />
        <field name="modifiedby" value="ed1e6f9b-b3b8-eb11-8236-000d3a595dd5" lookupentity="systemuser" lookupentityname="Sergio Hernandez" />
        <field name="modifiedon" value="2021-08-26T18:04:56.0000000Z" />
        <field name="lulu_name" value="Other (QA)" />
        <field name="organizationid" value="2441e7e2-77e2-4b0a-98ee-42eb3aca494d" lookupentity="organization" lookupentityname="gecdev" />
        <field name="lulu_qareasonsid" value="b8ed0318-9806-ec11-94ee-0022480980bb" />
        <field name="statecode" value="0" />
        <field name="statuscode" value="1" />
      </record>
      <record id="baed0318-9806-ec11-94ee-0022480980bb">
        <field name="lulu_code" value="PRT0V007" />
        <field name="createdby" value="ed1e6f9b-b3b8-eb11-8236-000d3a595dd5" lookupentity="systemuser" lookupentityname="Sergio Hernandez" />
        <field name="createdon" value="2021-08-26T18:04:56.0000000Z" />
        <field name="importsequencenumber" value="77" />
        <field name="modifiedby" value="ed1e6f9b-b3b8-eb11-8236-000d3a595dd5" lookupentity="systemuser" lookupentityname="Sergio Hernandez" />
        <field name="modifiedon" value="2021-08-26T18:04:56.0000000Z" />
        <field name="lulu_name" value="Pilling" />
        <field name="organizationid" value="2441e7e2-77e2-4b0a-98ee-42eb3aca494d" lookupentity="organization" lookupentityname="gecdev" />
        <field name="lulu_qareasonsid" value="baed0318-9806-ec11-94ee-0022480980bb" />
        <field name="statecode" value="0" />
        <field name="statuscode" value="1" />
      </record>
      <record id="bced0318-9806-ec11-94ee-0022480980bb">
        <field name="lulu_code" value="PRT00ER7" />
        <field name="createdby" value="ed1e6f9b-b3b8-eb11-8236-000d3a595dd5" lookupentity="systemuser" lookupentityname="Sergio Hernandez" />
        <field name="createdon" value="2021-08-26T18:04:56.0000000Z" />
        <field name="importsequencenumber" value="77" />
        <field name="modifiedby" value="ed1e6f9b-b3b8-eb11-8236-000d3a595dd5" lookupentity="systemuser" lookupentityname="Sergio Hernandez" />
        <field name="modifiedon" value="2021-08-26T18:04:56.0000000Z" />
        <field name="lulu_name" value="Received damaged" />
        <field name="organizationid" value="2441e7e2-77e2-4b0a-98ee-42eb3aca494d" lookupentity="organization" lookupentityname="gecdev" />
        <field name="lulu_qareasonsid" value="bced0318-9806-ec11-94ee-0022480980bb" />
        <field name="statecode" value="0" />
        <field name="statuscode" value="1" />
      </record>
    </records>
    <m2mrelationships />
  </entity>
</entities>