
<entities xmlns:xsd="http://www.w3.org/2001/XMLSchema" xmlns:xsi="http://www.w3.org/2001/XMLSchema-instance" timestamp="2021-08-19T20:26:26.0980468Z">
  <entity name="team" displayname="Team">
    <records>
      <record id="577d131c-d7c7-eb11-bacc-000d3a37cb65">
        <field name="administratorid" value="a67046be-74b5-eb11-8236-0022480a01e3" lookupentity="systemuser" lookupentityname="Ravi Mandalapu" />
        <field name="businessunitid" value="b46946be-74b5-eb11-8236-0022480a01e3" lookupentity="businessunit" lookupentityname="gecdev" />
        <field name="createdby" value="3b831a6b-43c9-eb11-bacc-000d3a5a149f" lookupentity="systemuser" lookupentityname="Roina Bastos" />
        <field name="createdon" value="2021-08-11T18:33:41.0000000Z" />
        <field name="queueid" value="5e4437a1-d2fa-eb11-94ef-000d3a5b341f" lookupentity="queue" lookupentityname="&lt;Educators&gt;" />
        <field name="isdefault" value="False" />
        <field name="systemmanaged" value="False" />
        <field name="modifiedby" value="2cdc3e84-0be5-451e-b99d-952d156085ae" lookupentity="systemuser" lookupentityname="SYSTEM" />
        <field name="modifiedonbehalfby" value="3b831a6b-43c9-eb11-bacc-000d3a5a149f" lookupentity="systemuser" lookupentityname="Roina Bastos" />
        <field name="modifiedon" value="2021-08-11T18:33:48.0000000Z" />
        <field name="teamid" value="577d131c-d7c7-eb11-bacc-000d3a37cb65" />
        <field name="name" value="Educators" />
        <field name="teamtype" value="0" />
      </record>
      <record id="627d131c-d7c7-eb11-bacc-000d3a37cb65">
        <field name="administratorid" value="19f3592b-3ec2-eb11-bacc-000d3a31d5b6" lookupentity="systemuser" lookupentityname="Ishani Shah" />
        <field name="businessunitid" value="b46946be-74b5-eb11-8236-0022480a01e3" lookupentity="businessunit" lookupentityname="gecdev" />
        <field name="createdby" value="ef6cd60f-b1b8-eb11-8236-000d3a595dd5" lookupentity="systemuser" lookupentityname="Marvin Lum" />
        <field name="createdon" value="2021-06-07T21:27:15.0000000Z" />
        <field name="queueid" value="667d131c-d7c7-eb11-bacc-000d3a37cb65" lookupentity="queue" lookupentityname="&lt;Finance&gt;" />
        <field name="isdefault" value="False" />
        <field name="systemmanaged" value="False" />
        <field name="modifiedby" value="19f3592b-3ec2-eb11-bacc-000d3a31d5b6" lookupentity="systemuser" lookupentityname="Ishani Shah" />
        <field name="modifiedon" value="2021-08-11T13:17:05.0000000Z" />
        <field name="teamid" value="627d131c-d7c7-eb11-bacc-000d3a37cb65" />
        <field name="name" value="Finance" />
        <field name="teamtype" value="0" />
      </record>
      <record id="777d131c-d7c7-eb11-bacc-000d3a37cb65">
        <field name="administratorid" value="19f3592b-3ec2-eb11-bacc-000d3a31d5b6" lookupentity="systemuser" lookupentityname="Ishani Shah" />
        <field name="businessunitid" value="b46946be-74b5-eb11-8236-0022480a01e3" lookupentity="businessunit" lookupentityname="gecdev" />
        <field name="createdby" value="ef6cd60f-b1b8-eb11-8236-000d3a595dd5" lookupentity="systemuser" lookupentityname="Marvin Lum" />
        <field name="createdon" value="2021-06-07T21:27:15.0000000Z" />
        <field name="queueid" value="7a7d131c-d7c7-eb11-bacc-000d3a37cb65" lookupentity="queue" lookupentityname="&lt;Voice of Guest&gt;" />
        <field name="isdefault" value="False" />
        <field name="systemmanaged" value="False" />
        <field name="modifiedby" value="19f3592b-3ec2-eb11-bacc-000d3a31d5b6" lookupentity="systemuser" lookupentityname="Ishani Shah" />
        <field name="modifiedon" value="2021-08-11T13:17:16.0000000Z" />
        <field name="teamid" value="777d131c-d7c7-eb11-bacc-000d3a37cb65" />
        <field name="name" value="Voice of Guest" />
        <field name="teamtype" value="0" />
      </record>
      <record id="f9bc5d1b-d7c7-eb11-bacc-000d3a5a149f">
        <field name="administratorid" value="ef6cd60f-b1b8-eb11-8236-000d3a595dd5" lookupentity="systemuser" lookupentityname="Marvin Lum" />
        <field name="businessunitid" value="b46946be-74b5-eb11-8236-0022480a01e3" lookupentity="businessunit" lookupentityname="gecdev" />
        <field name="createdby" value="ef6cd60f-b1b8-eb11-8236-000d3a595dd5" lookupentity="systemuser" lookupentityname="Marvin Lum" />
        <field name="createdon" value="2021-06-07T21:27:15.0000000Z" />
        <field name="queueid" value="fcbc5d1b-d7c7-eb11-bacc-000d3a5a149f" lookupentity="queue" lookupentityname="&lt;Integration&gt;" />
        <field name="isdefault" value="False" />
        <field name="systemmanaged" value="False" />
        <field name="modifiedby" value="2cdc3e84-0be5-451e-b99d-952d156085ae" lookupentity="systemuser" lookupentityname="SYSTEM" />
        <field name="modifiedonbehalfby" value="ef6cd60f-b1b8-eb11-8236-000d3a595dd5" lookupentity="systemuser" lookupentityname="Marvin Lum" />
        <field name="modifiedon" value="2021-06-07T21:27:16.0000000Z" />
        <field name="teamid" value="f9bc5d1b-d7c7-eb11-bacc-000d3a5a149f" />
        <field name="name" value="Integration" />
        <field name="teamtype" value="0" />
      </record>
      <record id="7cf7cce4-94c8-eb11-bacc-000d3a5a149f">
        <field name="administratorid" value="a67046be-74b5-eb11-8236-0022480a01e3" lookupentity="systemuser" lookupentityname="Ravi Mandalapu" />
        <field name="businessunitid" value="b46946be-74b5-eb11-8236-0022480a01e3" lookupentity="businessunit" lookupentityname="gecdev" />
        <field name="createdby" value="80b2fac9-b3b8-eb11-8236-000d3a5a5177" lookupentity="systemuser" lookupentityname="Dave Murdock" />
        <field name="createdon" value="2021-06-08T20:05:39.0000000Z" />
        <field name="transactioncurrencyid" value="8b7d12d7-93b5-eb11-8236-0022480a01e3" lookupentity="transactioncurrency" lookupentityname="USD" />
        <field name="queueid" value="7ef7cce4-94c8-eb11-bacc-000d3a5a149f" lookupentity="queue" lookupentityname="&lt;PNP Experts&gt;" />
        <field name="exchangerate" value="1.0000000000" />
        <field name="isdefault" value="False" />
        <field name="systemmanaged" value="False" />
        <field name="modifiedby" value="2cdc3e84-0be5-451e-b99d-952d156085ae" lookupentity="systemuser" lookupentityname="SYSTEM" />
        <field name="modifiedonbehalfby" value="80b2fac9-b3b8-eb11-8236-000d3a5a5177" lookupentity="systemuser" lookupentityname="Dave Murdock" />
        <field name="modifiedon" value="2021-06-08T20:05:40.0000000Z" />
        <field name="teamid" value="7cf7cce4-94c8-eb11-bacc-000d3a5a149f" />
        <field name="name" value="PNP Experts" />
        <field name="teamtype" value="0" />
      </record>
      <record id="c49403f8-94c8-eb11-bacc-000d3a5a149f">
        <field name="administratorid" value="a67046be-74b5-eb11-8236-0022480a01e3" lookupentity="systemuser" lookupentityname="Ravi Mandalapu" />
        <field name="businessunitid" value="b46946be-74b5-eb11-8236-0022480a01e3" lookupentity="businessunit" lookupentityname="gecdev" />
        <field name="createdby" value="80b2fac9-b3b8-eb11-8236-000d3a5a5177" lookupentity="systemuser" lookupentityname="Dave Murdock" />
        <field name="createdon" value="2021-06-08T20:06:15.0000000Z" />
        <field name="transactioncurrencyid" value="8b7d12d7-93b5-eb11-8236-0022480a01e3" lookupentity="transactioncurrency" lookupentityname="USD" />
        <field name="queueid" value="c59403f8-94c8-eb11-bacc-000d3a5a149f" lookupentity="queue" lookupentityname="&lt;Returns&gt;" />
        <field name="exchangerate" value="1.0000000000" />
        <field name="isdefault" value="False" />
        <field name="systemmanaged" value="False" />
        <field name="modifiedby" value="2cdc3e84-0be5-451e-b99d-952d156085ae" lookupentity="systemuser" lookupentityname="SYSTEM" />
        <field name="modifiedonbehalfby" value="80b2fac9-b3b8-eb11-8236-000d3a5a5177" lookupentity="systemuser" lookupentityname="Dave Murdock" />
        <field name="modifiedon" value="2021-06-08T20:06:15.0000000Z" />
        <field name="teamid" value="c49403f8-94c8-eb11-bacc-000d3a5a149f" />
        <field name="name" value="Returns" />
        <field name="teamtype" value="0" />
      </record>
      <record id="95f31a14-95c8-eb11-bacc-000d3a5a149f">
        <field name="administratorid" value="a67046be-74b5-eb11-8236-0022480a01e3" lookupentity="systemuser" lookupentityname="Ravi Mandalapu" />
        <field name="businessunitid" value="b46946be-74b5-eb11-8236-0022480a01e3" lookupentity="businessunit" lookupentityname="gecdev" />
        <field name="createdby" value="80b2fac9-b3b8-eb11-8236-000d3a5a5177" lookupentity="systemuser" lookupentityname="Dave Murdock" />
        <field name="createdon" value="2021-06-08T20:06:59.0000000Z" />
        <field name="transactioncurrencyid" value="8b7d12d7-93b5-eb11-8236-0022480a01e3" lookupentity="transactioncurrency" lookupentityname="USD" />
        <field name="exchangerate" value="1.0000000000" />
        <field name="isdefault" value="False" />
        <field name="systemmanaged" value="False" />
        <field name="modifiedby" value="80b2fac9-b3b8-eb11-8236-000d3a5a5177" lookupentity="systemuser" lookupentityname="Dave Murdock" />
        <field name="modifiedon" value="2021-06-28T20:08:38.0000000Z" />
        <field name="teamid" value="95f31a14-95c8-eb11-bacc-000d3a5a149f" />
        <field name="name" value="Programs Team, Sweat Collective" />
        <field name="teamtype" value="0" />
      </record>
      <record id="40967527-95c8-eb11-bacc-000d3a5a149f">
        <field name="administratorid" value="a67046be-74b5-eb11-8236-0022480a01e3" lookupentity="systemuser" lookupentityname="Ravi Mandalapu" />
        <field name="businessunitid" value="b46946be-74b5-eb11-8236-0022480a01e3" lookupentity="businessunit" lookupentityname="gecdev" />
        <field name="createdby" value="80b2fac9-b3b8-eb11-8236-000d3a5a5177" lookupentity="systemuser" lookupentityname="Dave Murdock" />
        <field name="createdon" value="2021-06-08T20:07:31.0000000Z" />
        <field name="transactioncurrencyid" value="8b7d12d7-93b5-eb11-8236-0022480a01e3" lookupentity="transactioncurrency" lookupentityname="USD" />
        <field name="queueid" value="41967527-95c8-eb11-bacc-000d3a5a149f" lookupentity="queue" lookupentityname="&lt;Order Support Group&gt;" />
        <field name="exchangerate" value="1.0000000000" />
        <field name="isdefault" value="False" />
        <field name="systemmanaged" value="False" />
        <field name="modifiedby" value="2cdc3e84-0be5-451e-b99d-952d156085ae" lookupentity="systemuser" lookupentityname="SYSTEM" />
        <field name="modifiedonbehalfby" value="80b2fac9-b3b8-eb11-8236-000d3a5a5177" lookupentity="systemuser" lookupentityname="Dave Murdock" />
        <field name="modifiedon" value="2021-06-08T20:07:31.0000000Z" />
        <field name="teamid" value="40967527-95c8-eb11-bacc-000d3a5a149f" />
        <field name="name" value="Order Support Group" />
        <field name="teamtype" value="0" />
      </record>
      <record id="6b32c342-95c8-eb11-bacc-000d3a5a149f">
        <field name="administratorid" value="a67046be-74b5-eb11-8236-0022480a01e3" lookupentity="systemuser" lookupentityname="Ravi Mandalapu" />
        <field name="businessunitid" value="b46946be-74b5-eb11-8236-0022480a01e3" lookupentity="businessunit" lookupentityname="gecdev" />
        <field name="createdby" value="80b2fac9-b3b8-eb11-8236-000d3a5a5177" lookupentity="systemuser" lookupentityname="Dave Murdock" />
        <field name="createdon" value="2021-06-08T20:08:23.0000000Z" />
        <field name="transactioncurrencyid" value="8b7d12d7-93b5-eb11-8236-0022480a01e3" lookupentity="transactioncurrency" lookupentityname="USD" />
        <field name="queueid" value="6c32c342-95c8-eb11-bacc-000d3a5a149f" lookupentity="queue" lookupentityname="&lt;Distribution Center&gt;" />
        <field name="exchangerate" value="1.0000000000" />
        <field name="isdefault" value="False" />
        <field name="systemmanaged" value="False" />
        <field name="modifiedby" value="2cdc3e84-0be5-451e-b99d-952d156085ae" lookupentity="systemuser" lookupentityname="SYSTEM" />
        <field name="modifiedonbehalfby" value="80b2fac9-b3b8-eb11-8236-000d3a5a5177" lookupentity="systemuser" lookupentityname="Dave Murdock" />
        <field name="modifiedon" value="2021-06-08T20:08:23.0000000Z" />
        <field name="teamid" value="6b32c342-95c8-eb11-bacc-000d3a5a149f" />
        <field name="name" value="Distribution Center" />
        <field name="teamtype" value="0" />
      </record>
      <record id="626839b2-74f4-eb11-94ef-000d3a5b353d">
        <field name="administratorid" value="a67046be-74b5-eb11-8236-0022480a01e3" lookupentity="systemuser" lookupentityname="Ravi Mandalapu" />
        <field name="businessunitid" value="b46946be-74b5-eb11-8236-0022480a01e3" lookupentity="businessunit" lookupentityname="gecdev" />
        <field name="createdby" value="9236ce40-39d6-eb11-bacb-00224804c7ac" lookupentity="systemuser" lookupentityname="King Yeung" />
        <field name="createdon" value="2021-08-03T16:06:09.0000000Z" />
        <field name="transactioncurrencyid" value="8b7d12d7-93b5-eb11-8236-0022480a01e3" lookupentity="transactioncurrency" lookupentityname="USD" />
        <field name="queueid" value="646839b2-74f4-eb11-94ef-000d3a5b353d" lookupentity="queue" lookupentityname="&lt;Programs Team, SeaWheeze&gt;" />
        <field name="exchangerate" value="1.0000000000" />
        <field name="isdefault" value="False" />
        <field name="systemmanaged" value="False" />
        <field name="modifiedby" value="2cdc3e84-0be5-451e-b99d-952d156085ae" lookupentity="systemuser" lookupentityname="SYSTEM" />
        <field name="modifiedonbehalfby" value="9236ce40-39d6-eb11-bacb-00224804c7ac" lookupentity="systemuser" lookupentityname="King Yeung" />
        <field name="modifiedon" value="2021-08-03T16:06:10.0000000Z" />
        <field name="teamid" value="626839b2-74f4-eb11-94ef-000d3a5b353d" />
        <field name="name" value="Programs Team, SeaWheeze" />
        <field name="teamtype" value="0" />
      </record>
      <record id="9c0e926a-a3fa-eb11-94ef-000d3a5b353d">
        <field name="administratorid" value="19f3592b-3ec2-eb11-bacc-000d3a31d5b6" lookupentity="systemuser" lookupentityname="Ishani Shah" />
        <field name="businessunitid" value="b46946be-74b5-eb11-8236-0022480a01e3" lookupentity="businessunit" lookupentityname="gecdev" />
        <field name="createdby" value="19f3592b-3ec2-eb11-bacc-000d3a31d5b6" lookupentity="systemuser" lookupentityname="Ishani Shah" />
        <field name="createdon" value="2021-08-11T12:55:43.0000000Z" />
        <field name="transactioncurrencyid" value="8b7d12d7-93b5-eb11-8236-0022480a01e3" lookupentity="transactioncurrency" lookupentityname="USD" />
        <field name="queueid" value="f517ae70-a3fa-eb11-94ef-000d3a5b353d" lookupentity="queue" lookupentityname="&lt;NA PNP Expert&gt;" />
        <field name="exchangerate" value="1.0000000000" />
        <field name="isdefault" value="False" />
        <field name="systemmanaged" value="False" />
        <field name="modifiedby" value="2cdc3e84-0be5-451e-b99d-952d156085ae" lookupentity="systemuser" lookupentityname="SYSTEM" />
        <field name="modifiedonbehalfby" value="19f3592b-3ec2-eb11-bacc-000d3a31d5b6" lookupentity="systemuser" lookupentityname="Ishani Shah" />
        <field name="modifiedon" value="2021-08-11T12:55:51.0000000Z" />
        <field name="teamid" value="9c0e926a-a3fa-eb11-94ef-000d3a5b353d" />
        <field name="name" value="NA PNP Expert" />
        <field name="teamtype" value="0" />
      </record>
      <record id="db0a1586-a3fa-eb11-94ef-000d3a5b353d">
        <field name="administratorid" value="19f3592b-3ec2-eb11-bacc-000d3a31d5b6" lookupentity="systemuser" lookupentityname="Ishani Shah" />
        <field name="businessunitid" value="b46946be-74b5-eb11-8236-0022480a01e3" lookupentity="businessunit" lookupentityname="gecdev" />
        <field name="createdby" value="19f3592b-3ec2-eb11-bacc-000d3a31d5b6" lookupentity="systemuser" lookupentityname="Ishani Shah" />
        <field name="createdon" value="2021-08-11T12:56:23.0000000Z" />
        <field name="transactioncurrencyid" value="8b7d12d7-93b5-eb11-8236-0022480a01e3" lookupentity="transactioncurrency" lookupentityname="USD" />
        <field name="queueid" value="dd0a1586-a3fa-eb11-94ef-000d3a5b353d" lookupentity="queue" lookupentityname="&lt;NA Returns Support&gt;" />
        <field name="exchangerate" value="1.0000000000" />
        <field name="isdefault" value="False" />
        <field name="systemmanaged" value="False" />
        <field name="modifiedby" value="2cdc3e84-0be5-451e-b99d-952d156085ae" lookupentity="systemuser" lookupentityname="SYSTEM" />
        <field name="modifiedonbehalfby" value="19f3592b-3ec2-eb11-bacc-000d3a31d5b6" lookupentity="systemuser" lookupentityname="Ishani Shah" />
        <field name="modifiedon" value="2021-08-11T12:56:26.0000000Z" />
        <field name="teamid" value="db0a1586-a3fa-eb11-94ef-000d3a5b353d" />
        <field name="name" value="NA Returns Support" />
        <field name="teamtype" value="0" />
      </record>
      <record id="c4521398-a3fa-eb11-94ef-000d3a5b353d">
        <field name="administratorid" value="19f3592b-3ec2-eb11-bacc-000d3a31d5b6" lookupentity="systemuser" lookupentityname="Ishani Shah" />
        <field name="businessunitid" value="b46946be-74b5-eb11-8236-0022480a01e3" lookupentity="businessunit" lookupentityname="gecdev" />
        <field name="createdby" value="19f3592b-3ec2-eb11-bacc-000d3a31d5b6" lookupentity="systemuser" lookupentityname="Ishani Shah" />
        <field name="createdon" value="2021-08-11T12:57:00.0000000Z" />
        <field name="transactioncurrencyid" value="8b7d12d7-93b5-eb11-8236-0022480a01e3" lookupentity="transactioncurrency" lookupentityname="USD" />
        <field name="queueid" value="c5521398-a3fa-eb11-94ef-000d3a5b353d" lookupentity="queue" lookupentityname="&lt;NA Communications&gt;" />
        <field name="exchangerate" value="1.0000000000" />
        <field name="isdefault" value="False" />
        <field name="systemmanaged" value="False" />
        <field name="modifiedby" value="2cdc3e84-0be5-451e-b99d-952d156085ae" lookupentity="systemuser" lookupentityname="SYSTEM" />
        <field name="modifiedonbehalfby" value="19f3592b-3ec2-eb11-bacc-000d3a31d5b6" lookupentity="systemuser" lookupentityname="Ishani Shah" />
        <field name="modifiedon" value="2021-08-11T12:57:00.0000000Z" />
        <field name="teamid" value="c4521398-a3fa-eb11-94ef-000d3a5b353d" />
        <field name="name" value="NA Communications" />
        <field name="teamtype" value="0" />
      </record>
      <record id="b9bc19bc-a3fa-eb11-94ef-000d3a5b353d">
        <field name="administratorid" value="19f3592b-3ec2-eb11-bacc-000d3a31d5b6" lookupentity="systemuser" lookupentityname="Ishani Shah" />
        <field name="businessunitid" value="b46946be-74b5-eb11-8236-0022480a01e3" lookupentity="businessunit" lookupentityname="gecdev" />
        <field name="createdby" value="19f3592b-3ec2-eb11-bacc-000d3a31d5b6" lookupentity="systemuser" lookupentityname="Ishani Shah" />
        <field name="createdon" value="2021-08-11T12:58:00.0000000Z" />
        <field name="transactioncurrencyid" value="8b7d12d7-93b5-eb11-8236-0022480a01e3" lookupentity="transactioncurrency" lookupentityname="USD" />
        <field name="queueid" value="bcbc19bc-a3fa-eb11-94ef-000d3a5b353d" lookupentity="queue" lookupentityname="&lt;NA I&amp;A&gt;" />
        <field name="exchangerate" value="1.0000000000" />
        <field name="isdefault" value="False" />
        <field name="systemmanaged" value="False" />
        <field name="modifiedby" value="2cdc3e84-0be5-451e-b99d-952d156085ae" lookupentity="systemuser" lookupentityname="SYSTEM" />
        <field name="modifiedonbehalfby" value="19f3592b-3ec2-eb11-bacc-000d3a31d5b6" lookupentity="systemuser" lookupentityname="Ishani Shah" />
        <field name="modifiedon" value="2021-08-11T12:58:00.0000000Z" />
        <field name="teamid" value="b9bc19bc-a3fa-eb11-94ef-000d3a5b353d" />
        <field name="name" value="NA I&amp;amp;A" />
        <field name="teamtype" value="0" />
      </record>
      <record id="4d0c0fc8-a3fa-eb11-94ef-000d3a5b353d">
        <field name="administratorid" value="19f3592b-3ec2-eb11-bacc-000d3a31d5b6" lookupentity="systemuser" lookupentityname="Ishani Shah" />
        <field name="businessunitid" value="b46946be-74b5-eb11-8236-0022480a01e3" lookupentity="businessunit" lookupentityname="gecdev" />
        <field name="createdby" value="19f3592b-3ec2-eb11-bacc-000d3a31d5b6" lookupentity="systemuser" lookupentityname="Ishani Shah" />
        <field name="createdon" value="2021-08-11T12:58:14.0000000Z" />
        <field name="transactioncurrencyid" value="8b7d12d7-93b5-eb11-8236-0022480a01e3" lookupentity="transactioncurrency" lookupentityname="USD" />
        <field name="queueid" value="520c0fc8-a3fa-eb11-94ef-000d3a5b353d" lookupentity="queue" lookupentityname="&lt;NA Omni-Risk&gt;" />
        <field name="exchangerate" value="1.0000000000" />
        <field name="isdefault" value="False" />
        <field name="systemmanaged" value="False" />
        <field name="modifiedby" value="2cdc3e84-0be5-451e-b99d-952d156085ae" lookupentity="systemuser" lookupentityname="SYSTEM" />
        <field name="modifiedonbehalfby" value="19f3592b-3ec2-eb11-bacc-000d3a31d5b6" lookupentity="systemuser" lookupentityname="Ishani Shah" />
        <field name="modifiedon" value="2021-08-11T12:58:14.0000000Z" />
        <field name="teamid" value="4d0c0fc8-a3fa-eb11-94ef-000d3a5b353d" />
        <field name="name" value="NA Omni-Risk" />
        <field name="teamtype" value="0" />
      </record>
      <record id="1fb609ce-a3fa-eb11-94ef-000d3a5b353d">
        <field name="administratorid" value="19f3592b-3ec2-eb11-bacc-000d3a31d5b6" lookupentity="systemuser" lookupentityname="Ishani Shah" />
        <field name="businessunitid" value="b46946be-74b5-eb11-8236-0022480a01e3" lookupentity="businessunit" lookupentityname="gecdev" />
        <field name="createdby" value="19f3592b-3ec2-eb11-bacc-000d3a31d5b6" lookupentity="systemuser" lookupentityname="Ishani Shah" />
        <field name="createdon" value="2021-08-11T12:58:29.0000000Z" />
        <field name="transactioncurrencyid" value="8b7d12d7-93b5-eb11-8236-0022480a01e3" lookupentity="transactioncurrency" lookupentityname="USD" />
        <field name="queueid" value="29b609ce-a3fa-eb11-94ef-000d3a5b353d" lookupentity="queue" lookupentityname="&lt;NA Training&gt;" />
        <field name="exchangerate" value="1.0000000000" />
        <field name="isdefault" value="False" />
        <field name="systemmanaged" value="False" />
        <field name="modifiedby" value="2cdc3e84-0be5-451e-b99d-952d156085ae" lookupentity="systemuser" lookupentityname="SYSTEM" />
        <field name="modifiedonbehalfby" value="19f3592b-3ec2-eb11-bacc-000d3a31d5b6" lookupentity="systemuser" lookupentityname="Ishani Shah" />
        <field name="modifiedon" value="2021-08-11T12:58:29.0000000Z" />
        <field name="teamid" value="1fb609ce-a3fa-eb11-94ef-000d3a5b353d" />
        <field name="name" value="NA Training" />
        <field name="teamtype" value="0" />
      </record>
      <record id="d76004d4-a3fa-eb11-94ef-000d3a5b353d">
        <field name="administratorid" value="19f3592b-3ec2-eb11-bacc-000d3a31d5b6" lookupentity="systemuser" lookupentityname="Ishani Shah" />
        <field name="businessunitid" value="b46946be-74b5-eb11-8236-0022480a01e3" lookupentity="businessunit" lookupentityname="gecdev" />
        <field name="createdby" value="19f3592b-3ec2-eb11-bacc-000d3a31d5b6" lookupentity="systemuser" lookupentityname="Ishani Shah" />
        <field name="createdon" value="2021-08-11T12:58:41.0000000Z" />
        <field name="transactioncurrencyid" value="8b7d12d7-93b5-eb11-8236-0022480a01e3" lookupentity="transactioncurrency" lookupentityname="USD" />
        <field name="queueid" value="e86004d4-a3fa-eb11-94ef-000d3a5b353d" lookupentity="queue" lookupentityname="&lt;NA Operations&gt;" />
        <field name="exchangerate" value="1.0000000000" />
        <field name="isdefault" value="False" />
        <field name="systemmanaged" value="False" />
        <field name="modifiedby" value="2cdc3e84-0be5-451e-b99d-952d156085ae" lookupentity="systemuser" lookupentityname="SYSTEM" />
        <field name="modifiedonbehalfby" value="19f3592b-3ec2-eb11-bacc-000d3a31d5b6" lookupentity="systemuser" lookupentityname="Ishani Shah" />
        <field name="modifiedon" value="2021-08-11T12:58:41.0000000Z" />
        <field name="teamid" value="d76004d4-a3fa-eb11-94ef-000d3a5b353d" />
        <field name="name" value="NA Operations" />
        <field name="teamtype" value="0" />
      </record>
      <record id="aaf2f1e5-a3fa-eb11-94ef-000d3a5b353d">
        <field name="administratorid" value="19f3592b-3ec2-eb11-bacc-000d3a31d5b6" lookupentity="systemuser" lookupentityname="Ishani Shah" />
        <field name="businessunitid" value="b46946be-74b5-eb11-8236-0022480a01e3" lookupentity="businessunit" lookupentityname="gecdev" />
        <field name="createdby" value="19f3592b-3ec2-eb11-bacc-000d3a31d5b6" lookupentity="systemuser" lookupentityname="Ishani Shah" />
        <field name="createdon" value="2021-08-11T12:59:03.0000000Z" />
        <field name="transactioncurrencyid" value="8b7d12d7-93b5-eb11-8236-0022480a01e3" lookupentity="transactioncurrency" lookupentityname="USD" />
        <field name="queueid" value="abf2f1e5-a3fa-eb11-94ef-000d3a5b353d" lookupentity="queue" lookupentityname="&lt;DC ARC&gt;" />
        <field name="exchangerate" value="1.0000000000" />
        <field name="isdefault" value="False" />
        <field name="systemmanaged" value="False" />
        <field name="modifiedby" value="2cdc3e84-0be5-451e-b99d-952d156085ae" lookupentity="systemuser" lookupentityname="SYSTEM" />
        <field name="modifiedonbehalfby" value="19f3592b-3ec2-eb11-bacc-000d3a31d5b6" lookupentity="systemuser" lookupentityname="Ishani Shah" />
        <field name="modifiedon" value="2021-08-11T12:59:03.0000000Z" />
        <field name="teamid" value="aaf2f1e5-a3fa-eb11-94ef-000d3a5b353d" />
        <field name="name" value="DC ARC" />
        <field name="teamtype" value="0" />
      </record>
      <record id="aa9aeceb-a3fa-eb11-94ef-000d3a5b353d">
        <field name="administratorid" value="19f3592b-3ec2-eb11-bacc-000d3a31d5b6" lookupentity="systemuser" lookupentityname="Ishani Shah" />
        <field name="businessunitid" value="b46946be-74b5-eb11-8236-0022480a01e3" lookupentity="businessunit" lookupentityname="gecdev" />
        <field name="createdby" value="19f3592b-3ec2-eb11-bacc-000d3a31d5b6" lookupentity="systemuser" lookupentityname="Ishani Shah" />
        <field name="createdon" value="2021-08-11T12:59:17.0000000Z" />
        <field name="transactioncurrencyid" value="8b7d12d7-93b5-eb11-8236-0022480a01e3" lookupentity="transactioncurrency" lookupentityname="USD" />
        <field name="queueid" value="ab9aeceb-a3fa-eb11-94ef-000d3a5b353d" lookupentity="queue" lookupentityname="&lt;DC CAN&gt;" />
        <field name="exchangerate" value="1.0000000000" />
        <field name="isdefault" value="False" />
        <field name="systemmanaged" value="False" />
        <field name="modifiedby" value="2cdc3e84-0be5-451e-b99d-952d156085ae" lookupentity="systemuser" lookupentityname="SYSTEM" />
        <field name="modifiedonbehalfby" value="19f3592b-3ec2-eb11-bacc-000d3a31d5b6" lookupentity="systemuser" lookupentityname="Ishani Shah" />
        <field name="modifiedon" value="2021-08-11T12:59:17.0000000Z" />
        <field name="teamid" value="aa9aeceb-a3fa-eb11-94ef-000d3a5b353d" />
        <field name="name" value="DC CAN" />
        <field name="teamtype" value="0" />
      </record>
      <record id="61cdf0f1-a3fa-eb11-94ef-000d3a5b353d">
        <field name="administratorid" value="19f3592b-3ec2-eb11-bacc-000d3a31d5b6" lookupentity="systemuser" lookupentityname="Ishani Shah" />
        <field name="businessunitid" value="b46946be-74b5-eb11-8236-0022480a01e3" lookupentity="businessunit" lookupentityname="gecdev" />
        <field name="createdby" value="19f3592b-3ec2-eb11-bacc-000d3a31d5b6" lookupentity="systemuser" lookupentityname="Ishani Shah" />
        <field name="createdon" value="2021-08-11T12:59:30.0000000Z" />
        <field name="transactioncurrencyid" value="8b7d12d7-93b5-eb11-8236-0022480a01e3" lookupentity="transactioncurrency" lookupentityname="USD" />
        <field name="queueid" value="62cdf0f1-a3fa-eb11-94ef-000d3a5b353d" lookupentity="queue" lookupentityname="&lt;DC MIL&gt;" />
        <field name="exchangerate" value="1.0000000000" />
        <field name="isdefault" value="False" />
        <field name="systemmanaged" value="False" />
        <field name="modifiedby" value="2cdc3e84-0be5-451e-b99d-952d156085ae" lookupentity="systemuser" lookupentityname="SYSTEM" />
        <field name="modifiedonbehalfby" value="19f3592b-3ec2-eb11-bacc-000d3a31d5b6" lookupentity="systemuser" lookupentityname="Ishani Shah" />
        <field name="modifiedon" value="2021-08-11T12:59:31.0000000Z" />
        <field name="teamid" value="61cdf0f1-a3fa-eb11-94ef-000d3a5b353d" />
        <field name="name" value="DC MIL" />
        <field name="teamtype" value="0" />
      </record>
      <record id="674d89fe-a3fa-eb11-94ef-000d3a5b353d">
        <field name="administratorid" value="19f3592b-3ec2-eb11-bacc-000d3a31d5b6" lookupentity="systemuser" lookupentityname="Ishani Shah" />
        <field name="businessunitid" value="b46946be-74b5-eb11-8236-0022480a01e3" lookupentity="businessunit" lookupentityname="gecdev" />
        <field name="createdby" value="19f3592b-3ec2-eb11-bacc-000d3a31d5b6" lookupentity="systemuser" lookupentityname="Ishani Shah" />
        <field name="createdon" value="2021-08-11T12:59:45.0000000Z" />
        <field name="transactioncurrencyid" value="8b7d12d7-93b5-eb11-8236-0022480a01e3" lookupentity="transactioncurrency" lookupentityname="USD" />
        <field name="queueid" value="684d89fe-a3fa-eb11-94ef-000d3a5b353d" lookupentity="queue" lookupentityname="&lt;DC TOR&gt;" />
        <field name="exchangerate" value="1.0000000000" />
        <field name="isdefault" value="False" />
        <field name="systemmanaged" value="False" />
        <field name="modifiedby" value="2cdc3e84-0be5-451e-b99d-952d156085ae" lookupentity="systemuser" lookupentityname="SYSTEM" />
        <field name="modifiedonbehalfby" value="19f3592b-3ec2-eb11-bacc-000d3a31d5b6" lookupentity="systemuser" lookupentityname="Ishani Shah" />
        <field name="modifiedon" value="2021-08-11T12:59:45.0000000Z" />
        <field name="teamid" value="674d89fe-a3fa-eb11-94ef-000d3a5b353d" />
        <field name="name" value="DC TOR" />
        <field name="teamtype" value="0" />
      </record>
      <record id="88160f05-a4fa-eb11-94ef-000d3a5b353d">
        <field name="administratorid" value="19f3592b-3ec2-eb11-bacc-000d3a31d5b6" lookupentity="systemuser" lookupentityname="Ishani Shah" />
        <field name="businessunitid" value="b46946be-74b5-eb11-8236-0022480a01e3" lookupentity="businessunit" lookupentityname="gecdev" />
        <field name="createdby" value="19f3592b-3ec2-eb11-bacc-000d3a31d5b6" lookupentity="systemuser" lookupentityname="Ishani Shah" />
        <field name="createdon" value="2021-08-11T12:59:57.0000000Z" />
        <field name="transactioncurrencyid" value="8b7d12d7-93b5-eb11-8236-0022480a01e3" lookupentity="transactioncurrency" lookupentityname="USD" />
        <field name="queueid" value="8a160f05-a4fa-eb11-94ef-000d3a5b353d" lookupentity="queue" lookupentityname="&lt;DC WCDC&gt;" />
        <field name="exchangerate" value="1.0000000000" />
        <field name="isdefault" value="False" />
        <field name="systemmanaged" value="False" />
        <field name="modifiedby" value="2cdc3e84-0be5-451e-b99d-952d156085ae" lookupentity="systemuser" lookupentityname="SYSTEM" />
        <field name="modifiedonbehalfby" value="19f3592b-3ec2-eb11-bacc-000d3a31d5b6" lookupentity="systemuser" lookupentityname="Ishani Shah" />
        <field name="modifiedon" value="2021-08-11T12:59:57.0000000Z" />
        <field name="teamid" value="88160f05-a4fa-eb11-94ef-000d3a5b353d" />
        <field name="name" value="DC WCDC" />
        <field name="teamtype" value="0" />
      </record>
      <record id="bfddab0b-a4fa-eb11-94ef-000d3a5b353d">
        <field name="administratorid" value="19f3592b-3ec2-eb11-bacc-000d3a31d5b6" lookupentity="systemuser" lookupentityname="Ishani Shah" />
        <field name="businessunitid" value="b46946be-74b5-eb11-8236-0022480a01e3" lookupentity="businessunit" lookupentityname="gecdev" />
        <field name="createdby" value="19f3592b-3ec2-eb11-bacc-000d3a31d5b6" lookupentity="systemuser" lookupentityname="Ishani Shah" />
        <field name="createdon" value="2021-08-11T13:00:09.0000000Z" />
        <field name="transactioncurrencyid" value="8b7d12d7-93b5-eb11-8236-0022480a01e3" lookupentity="transactioncurrency" lookupentityname="USD" />
        <field name="queueid" value="c0ddab0b-a4fa-eb11-94ef-000d3a5b353d" lookupentity="queue" lookupentityname="&lt;DC ECDC&gt;" />
        <field name="exchangerate" value="1.0000000000" />
        <field name="isdefault" value="False" />
        <field name="systemmanaged" value="False" />
        <field name="modifiedby" value="2cdc3e84-0be5-451e-b99d-952d156085ae" lookupentity="systemuser" lookupentityname="SYSTEM" />
        <field name="modifiedonbehalfby" value="19f3592b-3ec2-eb11-bacc-000d3a31d5b6" lookupentity="systemuser" lookupentityname="Ishani Shah" />
        <field name="modifiedon" value="2021-08-11T13:00:10.0000000Z" />
        <field name="teamid" value="bfddab0b-a4fa-eb11-94ef-000d3a5b353d" />
        <field name="name" value="DC ECDC" />
        <field name="teamtype" value="0" />
      </record>
      <record id="011b0d1a-a4fa-eb11-94ef-000d3a5b353d">
        <field name="administratorid" value="19f3592b-3ec2-eb11-bacc-000d3a31d5b6" lookupentity="systemuser" lookupentityname="Ishani Shah" />
        <field name="businessunitid" value="b46946be-74b5-eb11-8236-0022480a01e3" lookupentity="businessunit" lookupentityname="gecdev" />
        <field name="createdby" value="19f3592b-3ec2-eb11-bacc-000d3a31d5b6" lookupentity="systemuser" lookupentityname="Ishani Shah" />
        <field name="createdon" value="2021-08-11T13:00:29.0000000Z" />
        <field name="transactioncurrencyid" value="8b7d12d7-93b5-eb11-8236-0022480a01e3" lookupentity="transactioncurrency" lookupentityname="USD" />
        <field name="queueid" value="021b0d1a-a4fa-eb11-94ef-000d3a5b353d" lookupentity="queue" lookupentityname="&lt;NA Digital Engagement&gt;" />
        <field name="exchangerate" value="1.0000000000" />
        <field name="isdefault" value="False" />
        <field name="systemmanaged" value="False" />
        <field name="modifiedby" value="2cdc3e84-0be5-451e-b99d-952d156085ae" lookupentity="systemuser" lookupentityname="SYSTEM" />
        <field name="modifiedonbehalfby" value="19f3592b-3ec2-eb11-bacc-000d3a31d5b6" lookupentity="systemuser" lookupentityname="Ishani Shah" />
        <field name="modifiedon" value="2021-08-11T13:00:29.0000000Z" />
        <field name="teamid" value="011b0d1a-a4fa-eb11-94ef-000d3a5b353d" />
        <field name="name" value="NA Digital Engagement" />
        <field name="teamtype" value="0" />
      </record>
      <record id="bd589523-a4fa-eb11-94ef-000d3a5b353d">
        <field name="administratorid" value="19f3592b-3ec2-eb11-bacc-000d3a31d5b6" lookupentity="systemuser" lookupentityname="Ishani Shah" />
        <field name="businessunitid" value="b46946be-74b5-eb11-8236-0022480a01e3" lookupentity="businessunit" lookupentityname="gecdev" />
        <field name="createdby" value="19f3592b-3ec2-eb11-bacc-000d3a31d5b6" lookupentity="systemuser" lookupentityname="Ishani Shah" />
        <field name="createdon" value="2021-08-11T13:00:48.0000000Z" />
        <field name="transactioncurrencyid" value="8b7d12d7-93b5-eb11-8236-0022480a01e3" lookupentity="transactioncurrency" lookupentityname="USD" />
        <field name="queueid" value="be589523-a4fa-eb11-94ef-000d3a5b353d" lookupentity="queue" lookupentityname="&lt;NA Digital Sales&gt;" />
        <field name="exchangerate" value="1.0000000000" />
        <field name="isdefault" value="False" />
        <field name="systemmanaged" value="False" />
        <field name="modifiedby" value="2cdc3e84-0be5-451e-b99d-952d156085ae" lookupentity="systemuser" lookupentityname="SYSTEM" />
        <field name="modifiedonbehalfby" value="19f3592b-3ec2-eb11-bacc-000d3a31d5b6" lookupentity="systemuser" lookupentityname="Ishani Shah" />
        <field name="modifiedon" value="2021-08-11T13:00:48.0000000Z" />
        <field name="teamid" value="bd589523-a4fa-eb11-94ef-000d3a5b353d" />
        <field name="name" value="NA Digital Sales" />
        <field name="teamtype" value="0" />
      </record>
      <record id="210e9947-a4fa-eb11-94ef-000d3a5b353d">
        <field name="administratorid" value="19f3592b-3ec2-eb11-bacc-000d3a31d5b6" lookupentity="systemuser" lookupentityname="Ishani Shah" />
        <field name="businessunitid" value="b46946be-74b5-eb11-8236-0022480a01e3" lookupentity="businessunit" lookupentityname="gecdev" />
        <field name="createdby" value="19f3592b-3ec2-eb11-bacc-000d3a31d5b6" lookupentity="systemuser" lookupentityname="Ishani Shah" />
        <field name="createdon" value="2021-08-11T13:01:54.0000000Z" />
        <field name="transactioncurrencyid" value="8b7d12d7-93b5-eb11-8236-0022480a01e3" lookupentity="transactioncurrency" lookupentityname="USD" />
        <field name="queueid" value="220e9947-a4fa-eb11-94ef-000d3a5b353d" lookupentity="queue" lookupentityname="&lt;EFA Asset Protection&gt;" />
        <field name="exchangerate" value="1.0000000000" />
        <field name="isdefault" value="False" />
        <field name="systemmanaged" value="False" />
        <field name="modifiedby" value="2cdc3e84-0be5-451e-b99d-952d156085ae" lookupentity="systemuser" lookupentityname="SYSTEM" />
        <field name="modifiedonbehalfby" value="19f3592b-3ec2-eb11-bacc-000d3a31d5b6" lookupentity="systemuser" lookupentityname="Ishani Shah" />
        <field name="modifiedon" value="2021-08-11T13:01:55.0000000Z" />
        <field name="teamid" value="210e9947-a4fa-eb11-94ef-000d3a5b353d" />
        <field name="name" value="EFA Asset Protection" />
        <field name="teamtype" value="0" />
      </record>
      <record id="1cac9c53-a4fa-eb11-94ef-000d3a5b353d">
        <field name="administratorid" value="19f3592b-3ec2-eb11-bacc-000d3a31d5b6" lookupentity="systemuser" lookupentityname="Ishani Shah" />
        <field name="businessunitid" value="b46946be-74b5-eb11-8236-0022480a01e3" lookupentity="businessunit" lookupentityname="gecdev" />
        <field name="createdby" value="19f3592b-3ec2-eb11-bacc-000d3a31d5b6" lookupentity="systemuser" lookupentityname="Ishani Shah" />
        <field name="createdon" value="2021-08-11T13:02:06.0000000Z" />
        <field name="transactioncurrencyid" value="8b7d12d7-93b5-eb11-8236-0022480a01e3" lookupentity="transactioncurrency" lookupentityname="USD" />
        <field name="queueid" value="1dac9c53-a4fa-eb11-94ef-000d3a5b353d" lookupentity="queue" lookupentityname="&lt;NA Educator&gt;" />
        <field name="exchangerate" value="1.0000000000" />
        <field name="isdefault" value="False" />
        <field name="systemmanaged" value="False" />
        <field name="modifiedby" value="2cdc3e84-0be5-451e-b99d-952d156085ae" lookupentity="systemuser" lookupentityname="SYSTEM" />
        <field name="modifiedonbehalfby" value="19f3592b-3ec2-eb11-bacc-000d3a31d5b6" lookupentity="systemuser" lookupentityname="Ishani Shah" />
        <field name="modifiedon" value="2021-08-11T13:02:06.0000000Z" />
        <field name="teamid" value="1cac9c53-a4fa-eb11-94ef-000d3a5b353d" />
        <field name="name" value="NA Educator" />
        <field name="teamtype" value="0" />
      </record>
      <record id="84dea059-a4fa-eb11-94ef-000d3a5b353d">
        <field name="administratorid" value="19f3592b-3ec2-eb11-bacc-000d3a31d5b6" lookupentity="systemuser" lookupentityname="Ishani Shah" />
        <field name="businessunitid" value="b46946be-74b5-eb11-8236-0022480a01e3" lookupentity="businessunit" lookupentityname="gecdev" />
        <field name="createdby" value="19f3592b-3ec2-eb11-bacc-000d3a31d5b6" lookupentity="systemuser" lookupentityname="Ishani Shah" />
        <field name="createdon" value="2021-08-11T13:02:21.0000000Z" />
        <field name="transactioncurrencyid" value="8b7d12d7-93b5-eb11-8236-0022480a01e3" lookupentity="transactioncurrency" lookupentityname="USD" />
        <field name="queueid" value="85dea059-a4fa-eb11-94ef-000d3a5b353d" lookupentity="queue" lookupentityname="&lt;NA Educator Training&gt;" />
        <field name="exchangerate" value="1.0000000000" />
        <field name="isdefault" value="False" />
        <field name="systemmanaged" value="False" />
        <field name="modifiedby" value="2cdc3e84-0be5-451e-b99d-952d156085ae" lookupentity="systemuser" lookupentityname="SYSTEM" />
        <field name="modifiedonbehalfby" value="19f3592b-3ec2-eb11-bacc-000d3a31d5b6" lookupentity="systemuser" lookupentityname="Ishani Shah" />
        <field name="modifiedon" value="2021-08-11T13:02:21.0000000Z" />
        <field name="teamid" value="84dea059-a4fa-eb11-94ef-000d3a5b353d" />
        <field name="name" value="NA Educator Training" />
        <field name="teamtype" value="0" />
      </record>
      <record id="3ad2d165-a4fa-eb11-94ef-000d3a5b353d">
        <field name="administratorid" value="19f3592b-3ec2-eb11-bacc-000d3a31d5b6" lookupentity="systemuser" lookupentityname="Ishani Shah" />
        <field name="businessunitid" value="b46946be-74b5-eb11-8236-0022480a01e3" lookupentity="businessunit" lookupentityname="gecdev" />
        <field name="createdby" value="19f3592b-3ec2-eb11-bacc-000d3a31d5b6" lookupentity="systemuser" lookupentityname="Ishani Shah" />
        <field name="createdon" value="2021-08-11T13:02:40.0000000Z" />
        <field name="transactioncurrencyid" value="8b7d12d7-93b5-eb11-8236-0022480a01e3" lookupentity="transactioncurrency" lookupentityname="USD" />
        <field name="queueid" value="3bd2d165-a4fa-eb11-94ef-000d3a5b353d" lookupentity="queue" lookupentityname="&lt;NA Educator Written Only&gt;" />
        <field name="exchangerate" value="1.0000000000" />
        <field name="isdefault" value="False" />
        <field name="systemmanaged" value="False" />
        <field name="modifiedby" value="2cdc3e84-0be5-451e-b99d-952d156085ae" lookupentity="systemuser" lookupentityname="SYSTEM" />
        <field name="modifiedonbehalfby" value="19f3592b-3ec2-eb11-bacc-000d3a31d5b6" lookupentity="systemuser" lookupentityname="Ishani Shah" />
        <field name="modifiedon" value="2021-08-11T13:02:40.0000000Z" />
        <field name="teamid" value="3ad2d165-a4fa-eb11-94ef-000d3a5b353d" />
        <field name="name" value="NA Educator Written Only" />
        <field name="teamtype" value="0" />
      </record>
      <record id="dcfb706c-a4fa-eb11-94ef-000d3a5b353d">
        <field name="administratorid" value="19f3592b-3ec2-eb11-bacc-000d3a31d5b6" lookupentity="systemuser" lookupentityname="Ishani Shah" />
        <field name="businessunitid" value="b46946be-74b5-eb11-8236-0022480a01e3" lookupentity="businessunit" lookupentityname="gecdev" />
        <field name="createdby" value="19f3592b-3ec2-eb11-bacc-000d3a31d5b6" lookupentity="systemuser" lookupentityname="Ishani Shah" />
        <field name="createdon" value="2021-08-11T13:02:54.0000000Z" />
        <field name="transactioncurrencyid" value="8b7d12d7-93b5-eb11-8236-0022480a01e3" lookupentity="transactioncurrency" lookupentityname="USD" />
        <field name="queueid" value="ddfb706c-a4fa-eb11-94ef-000d3a5b353d" lookupentity="queue" lookupentityname="&lt;NA Educator Phones Only&gt;" />
        <field name="exchangerate" value="1.0000000000" />
        <field name="isdefault" value="False" />
        <field name="systemmanaged" value="False" />
        <field name="modifiedby" value="2cdc3e84-0be5-451e-b99d-952d156085ae" lookupentity="systemuser" lookupentityname="SYSTEM" />
        <field name="modifiedonbehalfby" value="19f3592b-3ec2-eb11-bacc-000d3a31d5b6" lookupentity="systemuser" lookupentityname="Ishani Shah" />
        <field name="modifiedon" value="2021-08-11T13:02:54.0000000Z" />
        <field name="teamid" value="dcfb706c-a4fa-eb11-94ef-000d3a5b353d" />
        <field name="name" value="NA Educator Phones Only" />
        <field name="teamtype" value="0" />
      </record>
      <record id="7ae7e19e-a4fa-eb11-94ef-000d3a5b353d">
        <field name="administratorid" value="19f3592b-3ec2-eb11-bacc-000d3a31d5b6" lookupentity="systemuser" lookupentityname="Ishani Shah" />
        <field name="businessunitid" value="b46946be-74b5-eb11-8236-0022480a01e3" lookupentity="businessunit" lookupentityname="gecdev" />
        <field name="createdby" value="19f3592b-3ec2-eb11-bacc-000d3a31d5b6" lookupentity="systemuser" lookupentityname="Ishani Shah" />
        <field name="createdon" value="2021-08-11T13:04:15.0000000Z" />
        <field name="transactioncurrencyid" value="8b7d12d7-93b5-eb11-8236-0022480a01e3" lookupentity="transactioncurrency" lookupentityname="USD" />
        <field name="queueid" value="7de7e19e-a4fa-eb11-94ef-000d3a5b353d" lookupentity="queue" lookupentityname="&lt;NA Educator Email Only&gt;" />
        <field name="exchangerate" value="1.0000000000" />
        <field name="isdefault" value="False" />
        <field name="systemmanaged" value="False" />
        <field name="modifiedby" value="2cdc3e84-0be5-451e-b99d-952d156085ae" lookupentity="systemuser" lookupentityname="SYSTEM" />
        <field name="modifiedonbehalfby" value="19f3592b-3ec2-eb11-bacc-000d3a31d5b6" lookupentity="systemuser" lookupentityname="Ishani Shah" />
        <field name="modifiedon" value="2021-08-11T13:04:15.0000000Z" />
        <field name="teamid" value="7ae7e19e-a4fa-eb11-94ef-000d3a5b353d" />
        <field name="name" value="NA Educator Email Only" />
        <field name="teamtype" value="0" />
      </record>
      <record id="412cdaa4-a4fa-eb11-94ef-000d3a5b353d">
        <field name="administratorid" value="19f3592b-3ec2-eb11-bacc-000d3a31d5b6" lookupentity="systemuser" lookupentityname="Ishani Shah" />
        <field name="businessunitid" value="b46946be-74b5-eb11-8236-0022480a01e3" lookupentity="businessunit" lookupentityname="gecdev" />
        <field name="createdby" value="19f3592b-3ec2-eb11-bacc-000d3a31d5b6" lookupentity="systemuser" lookupentityname="Ishani Shah" />
        <field name="createdon" value="2021-08-11T13:04:31.0000000Z" />
        <field name="transactioncurrencyid" value="8b7d12d7-93b5-eb11-8236-0022480a01e3" lookupentity="transactioncurrency" lookupentityname="USD" />
        <field name="queueid" value="432cdaa4-a4fa-eb11-94ef-000d3a5b353d" lookupentity="queue" lookupentityname="&lt;NA Educator French&gt;" />
        <field name="exchangerate" value="1.0000000000" />
        <field name="isdefault" value="False" />
        <field name="systemmanaged" value="False" />
        <field name="modifiedby" value="2cdc3e84-0be5-451e-b99d-952d156085ae" lookupentity="systemuser" lookupentityname="SYSTEM" />
        <field name="modifiedonbehalfby" value="19f3592b-3ec2-eb11-bacc-000d3a31d5b6" lookupentity="systemuser" lookupentityname="Ishani Shah" />
        <field name="modifiedon" value="2021-08-11T13:04:31.0000000Z" />
        <field name="teamid" value="412cdaa4-a4fa-eb11-94ef-000d3a5b353d" />
        <field name="name" value="NA Educator French" />
        <field name="teamtype" value="0" />
      </record>
      <record id="fa8accb6-a4fa-eb11-94ef-000d3a5b353d">
        <field name="administratorid" value="19f3592b-3ec2-eb11-bacc-000d3a31d5b6" lookupentity="systemuser" lookupentityname="Ishani Shah" />
        <field name="businessunitid" value="b46946be-74b5-eb11-8236-0022480a01e3" lookupentity="businessunit" lookupentityname="gecdev" />
        <field name="createdby" value="19f3592b-3ec2-eb11-bacc-000d3a31d5b6" lookupentity="systemuser" lookupentityname="Ishani Shah" />
        <field name="createdon" value="2021-08-11T13:04:57.0000000Z" />
        <field name="transactioncurrencyid" value="8b7d12d7-93b5-eb11-8236-0022480a01e3" lookupentity="transactioncurrency" lookupentityname="USD" />
        <field name="queueid" value="fc8accb6-a4fa-eb11-94ef-000d3a5b353d" lookupentity="queue" lookupentityname="&lt;NA Floor Support&gt;" />
        <field name="exchangerate" value="1.0000000000" />
        <field name="isdefault" value="False" />
        <field name="systemmanaged" value="False" />
        <field name="modifiedby" value="2cdc3e84-0be5-451e-b99d-952d156085ae" lookupentity="systemuser" lookupentityname="SYSTEM" />
        <field name="modifiedonbehalfby" value="19f3592b-3ec2-eb11-bacc-000d3a31d5b6" lookupentity="systemuser" lookupentityname="Ishani Shah" />
        <field name="modifiedon" value="2021-08-11T13:04:57.0000000Z" />
        <field name="teamid" value="fa8accb6-a4fa-eb11-94ef-000d3a5b353d" />
        <field name="name" value="NA Floor Support" />
        <field name="teamtype" value="0" />
      </record>
      <record id="c200c9c2-a4fa-eb11-94ef-000d3a5b353d">
        <field name="administratorid" value="19f3592b-3ec2-eb11-bacc-000d3a31d5b6" lookupentity="systemuser" lookupentityname="Ishani Shah" />
        <field name="businessunitid" value="b46946be-74b5-eb11-8236-0022480a01e3" lookupentity="businessunit" lookupentityname="gecdev" />
        <field name="createdby" value="19f3592b-3ec2-eb11-bacc-000d3a31d5b6" lookupentity="systemuser" lookupentityname="Ishani Shah" />
        <field name="createdon" value="2021-08-11T13:05:13.0000000Z" />
        <field name="transactioncurrencyid" value="8b7d12d7-93b5-eb11-8236-0022480a01e3" lookupentity="transactioncurrency" lookupentityname="USD" />
        <field name="queueid" value="c300c9c2-a4fa-eb11-94ef-000d3a5b353d" lookupentity="queue" lookupentityname="&lt;NA Intraday&gt;" />
        <field name="exchangerate" value="1.0000000000" />
        <field name="isdefault" value="False" />
        <field name="systemmanaged" value="False" />
        <field name="modifiedby" value="2cdc3e84-0be5-451e-b99d-952d156085ae" lookupentity="systemuser" lookupentityname="SYSTEM" />
        <field name="modifiedonbehalfby" value="19f3592b-3ec2-eb11-bacc-000d3a31d5b6" lookupentity="systemuser" lookupentityname="Ishani Shah" />
        <field name="modifiedon" value="2021-08-11T13:05:14.0000000Z" />
        <field name="teamid" value="c200c9c2-a4fa-eb11-94ef-000d3a5b353d" />
        <field name="name" value="NA Intraday" />
        <field name="teamtype" value="0" />
      </record>
      <record id="17a7c3c8-a4fa-eb11-94ef-000d3a5b353d">
        <field name="administratorid" value="19f3592b-3ec2-eb11-bacc-000d3a31d5b6" lookupentity="systemuser" lookupentityname="Ishani Shah" />
        <field name="businessunitid" value="b46946be-74b5-eb11-8236-0022480a01e3" lookupentity="businessunit" lookupentityname="gecdev" />
        <field name="createdby" value="19f3592b-3ec2-eb11-bacc-000d3a31d5b6" lookupentity="systemuser" lookupentityname="Ishani Shah" />
        <field name="createdon" value="2021-08-11T13:05:25.0000000Z" />
        <field name="transactioncurrencyid" value="8b7d12d7-93b5-eb11-8236-0022480a01e3" lookupentity="transactioncurrency" lookupentityname="USD" />
        <field name="queueid" value="18a7c3c8-a4fa-eb11-94ef-000d3a5b353d" lookupentity="queue" lookupentityname="&lt;NA Knowledge Admin&gt;" />
        <field name="exchangerate" value="1.0000000000" />
        <field name="isdefault" value="False" />
        <field name="systemmanaged" value="False" />
        <field name="modifiedby" value="2cdc3e84-0be5-451e-b99d-952d156085ae" lookupentity="systemuser" lookupentityname="SYSTEM" />
        <field name="modifiedonbehalfby" value="19f3592b-3ec2-eb11-bacc-000d3a31d5b6" lookupentity="systemuser" lookupentityname="Ishani Shah" />
        <field name="modifiedon" value="2021-08-11T13:05:25.0000000Z" />
        <field name="teamid" value="17a7c3c8-a4fa-eb11-94ef-000d3a5b353d" />
        <field name="name" value="NA Knowledge Admin" />
        <field name="teamtype" value="0" />
      </record>
      <record id="0e2814cf-a4fa-eb11-94ef-000d3a5b353d">
        <field name="administratorid" value="19f3592b-3ec2-eb11-bacc-000d3a31d5b6" lookupentity="systemuser" lookupentityname="Ishani Shah" />
        <field name="businessunitid" value="b46946be-74b5-eb11-8236-0022480a01e3" lookupentity="businessunit" lookupentityname="gecdev" />
        <field name="createdby" value="19f3592b-3ec2-eb11-bacc-000d3a31d5b6" lookupentity="systemuser" lookupentityname="Ishani Shah" />
        <field name="createdon" value="2021-08-11T13:05:37.0000000Z" />
        <field name="transactioncurrencyid" value="8b7d12d7-93b5-eb11-8236-0022480a01e3" lookupentity="transactioncurrency" lookupentityname="USD" />
        <field name="queueid" value="102814cf-a4fa-eb11-94ef-000d3a5b353d" lookupentity="queue" lookupentityname="&lt;NA Order Support&gt;" />
        <field name="exchangerate" value="1.0000000000" />
        <field name="isdefault" value="False" />
        <field name="systemmanaged" value="False" />
        <field name="modifiedby" value="2cdc3e84-0be5-451e-b99d-952d156085ae" lookupentity="systemuser" lookupentityname="SYSTEM" />
        <field name="modifiedonbehalfby" value="19f3592b-3ec2-eb11-bacc-000d3a31d5b6" lookupentity="systemuser" lookupentityname="Ishani Shah" />
        <field name="modifiedon" value="2021-08-11T13:05:37.0000000Z" />
        <field name="teamid" value="0e2814cf-a4fa-eb11-94ef-000d3a5b353d" />
        <field name="name" value="NA Order Support" />
        <field name="teamtype" value="0" />
      </record>
      <record id="0d7de4d6-a4fa-eb11-94ef-000d3a5b353d">
        <field name="administratorid" value="19f3592b-3ec2-eb11-bacc-000d3a31d5b6" lookupentity="systemuser" lookupentityname="Ishani Shah" />
        <field name="businessunitid" value="b46946be-74b5-eb11-8236-0022480a01e3" lookupentity="businessunit" lookupentityname="gecdev" />
        <field name="createdby" value="19f3592b-3ec2-eb11-bacc-000d3a31d5b6" lookupentity="systemuser" lookupentityname="Ishani Shah" />
        <field name="createdon" value="2021-08-11T13:05:49.0000000Z" />
        <field name="transactioncurrencyid" value="8b7d12d7-93b5-eb11-8236-0022480a01e3" lookupentity="transactioncurrency" lookupentityname="USD" />
        <field name="queueid" value="0e7de4d6-a4fa-eb11-94ef-000d3a5b353d" lookupentity="queue" lookupentityname="&lt;NA Programs Support&gt;" />
        <field name="exchangerate" value="1.0000000000" />
        <field name="isdefault" value="False" />
        <field name="systemmanaged" value="False" />
        <field name="modifiedby" value="2cdc3e84-0be5-451e-b99d-952d156085ae" lookupentity="systemuser" lookupentityname="SYSTEM" />
        <field name="modifiedonbehalfby" value="19f3592b-3ec2-eb11-bacc-000d3a31d5b6" lookupentity="systemuser" lookupentityname="Ishani Shah" />
        <field name="modifiedon" value="2021-08-11T13:05:50.0000000Z" />
        <field name="teamid" value="0d7de4d6-a4fa-eb11-94ef-000d3a5b353d" />
        <field name="name" value="NA Programs Support" />
        <field name="teamtype" value="0" />
      </record>
      <record id="affd9cde-a4fa-eb11-94ef-000d3a5b353d">
        <field name="administratorid" value="19f3592b-3ec2-eb11-bacc-000d3a31d5b6" lookupentity="systemuser" lookupentityname="Ishani Shah" />
        <field name="businessunitid" value="b46946be-74b5-eb11-8236-0022480a01e3" lookupentity="businessunit" lookupentityname="gecdev" />
        <field name="createdby" value="19f3592b-3ec2-eb11-bacc-000d3a31d5b6" lookupentity="systemuser" lookupentityname="Ishani Shah" />
        <field name="createdon" value="2021-08-11T13:06:02.0000000Z" />
        <field name="transactioncurrencyid" value="8b7d12d7-93b5-eb11-8236-0022480a01e3" lookupentity="transactioncurrency" lookupentityname="USD" />
        <field name="queueid" value="b0fd9cde-a4fa-eb11-94ef-000d3a5b353d" lookupentity="queue" lookupentityname="&lt;NA Resolutions Support&gt;" />
        <field name="exchangerate" value="1.0000000000" />
        <field name="isdefault" value="False" />
        <field name="systemmanaged" value="False" />
        <field name="modifiedby" value="2cdc3e84-0be5-451e-b99d-952d156085ae" lookupentity="systemuser" lookupentityname="SYSTEM" />
        <field name="modifiedonbehalfby" value="19f3592b-3ec2-eb11-bacc-000d3a31d5b6" lookupentity="systemuser" lookupentityname="Ishani Shah" />
        <field name="modifiedon" value="2021-08-11T13:06:02.0000000Z" />
        <field name="teamid" value="affd9cde-a4fa-eb11-94ef-000d3a5b353d" />
        <field name="name" value="NA Resolutions Support" />
        <field name="teamtype" value="0" />
      </record>
      <record id="b42dc0e4-a4fa-eb11-94ef-000d3a5b353d">
        <field name="administratorid" value="19f3592b-3ec2-eb11-bacc-000d3a31d5b6" lookupentity="systemuser" lookupentityname="Ishani Shah" />
        <field name="businessunitid" value="b46946be-74b5-eb11-8236-0022480a01e3" lookupentity="businessunit" lookupentityname="gecdev" />
        <field name="createdby" value="19f3592b-3ec2-eb11-bacc-000d3a31d5b6" lookupentity="systemuser" lookupentityname="Ishani Shah" />
        <field name="createdon" value="2021-08-11T13:06:15.0000000Z" />
        <field name="transactioncurrencyid" value="8b7d12d7-93b5-eb11-8236-0022480a01e3" lookupentity="transactioncurrency" lookupentityname="USD" />
        <field name="queueid" value="b52dc0e4-a4fa-eb11-94ef-000d3a5b353d" lookupentity="queue" lookupentityname="&lt;NA Team Lead&gt;" />
        <field name="exchangerate" value="1.0000000000" />
        <field name="isdefault" value="False" />
        <field name="systemmanaged" value="False" />
        <field name="modifiedby" value="2cdc3e84-0be5-451e-b99d-952d156085ae" lookupentity="systemuser" lookupentityname="SYSTEM" />
        <field name="modifiedonbehalfby" value="19f3592b-3ec2-eb11-bacc-000d3a31d5b6" lookupentity="systemuser" lookupentityname="Ishani Shah" />
        <field name="modifiedon" value="2021-08-11T13:06:15.0000000Z" />
        <field name="teamid" value="b42dc0e4-a4fa-eb11-94ef-000d3a5b353d" />
        <field name="name" value="NA Team Lead" />
        <field name="teamtype" value="0" />
      </record>
      <record id="c554a8f7-a4fa-eb11-94ef-000d3a5b353d">
        <field name="administratorid" value="19f3592b-3ec2-eb11-bacc-000d3a31d5b6" lookupentity="systemuser" lookupentityname="Ishani Shah" />
        <field name="businessunitid" value="b46946be-74b5-eb11-8236-0022480a01e3" lookupentity="businessunit" lookupentityname="gecdev" />
        <field name="createdby" value="19f3592b-3ec2-eb11-bacc-000d3a31d5b6" lookupentity="systemuser" lookupentityname="Ishani Shah" />
        <field name="createdon" value="2021-08-11T13:06:46.0000000Z" />
        <field name="transactioncurrencyid" value="8b7d12d7-93b5-eb11-8236-0022480a01e3" lookupentity="transactioncurrency" lookupentityname="USD" />
        <field name="queueid" value="c654a8f7-a4fa-eb11-94ef-000d3a5b353d" lookupentity="queue" lookupentityname="&lt;NA Educator Training Level I&gt;" />
        <field name="exchangerate" value="1.0000000000" />
        <field name="isdefault" value="False" />
        <field name="systemmanaged" value="False" />
        <field name="modifiedby" value="2cdc3e84-0be5-451e-b99d-952d156085ae" lookupentity="systemuser" lookupentityname="SYSTEM" />
        <field name="modifiedonbehalfby" value="19f3592b-3ec2-eb11-bacc-000d3a31d5b6" lookupentity="systemuser" lookupentityname="Ishani Shah" />
        <field name="modifiedon" value="2021-08-11T13:06:46.0000000Z" />
        <field name="teamid" value="c554a8f7-a4fa-eb11-94ef-000d3a5b353d" />
        <field name="name" value="NA Educator Training Level I" />
        <field name="teamtype" value="0" />
      </record>
      <record id="e34051e4-c0fb-eb11-94ef-000d3a5b353d">
        <field name="administratorid" value="19f3592b-3ec2-eb11-bacc-000d3a31d5b6" lookupentity="systemuser" lookupentityname="Ishani Shah" />
        <field name="businessunitid" value="b46946be-74b5-eb11-8236-0022480a01e3" lookupentity="businessunit" lookupentityname="gecdev" />
        <field name="createdby" value="19f3592b-3ec2-eb11-bacc-000d3a31d5b6" lookupentity="systemuser" lookupentityname="Ishani Shah" />
        <field name="createdon" value="2021-08-12T22:59:07.0000000Z" />
        <field name="transactioncurrencyid" value="8b7d12d7-93b5-eb11-8236-0022480a01e3" lookupentity="transactioncurrency" lookupentityname="USD" />
        <field name="queueid" value="e44051e4-c0fb-eb11-94ef-000d3a5b353d" lookupentity="queue" lookupentityname="&lt;NA French PNP&gt;" />
        <field name="exchangerate" value="1.0000000000" />
        <field name="isdefault" value="False" />
        <field name="systemmanaged" value="False" />
        <field name="modifiedby" value="2cdc3e84-0be5-451e-b99d-952d156085ae" lookupentity="systemuser" lookupentityname="SYSTEM" />
        <field name="modifiedonbehalfby" value="19f3592b-3ec2-eb11-bacc-000d3a31d5b6" lookupentity="systemuser" lookupentityname="Ishani Shah" />
        <field name="modifiedon" value="2021-08-12T22:59:13.0000000Z" />
        <field name="teamid" value="e34051e4-c0fb-eb11-94ef-000d3a5b353d" />
        <field name="name" value="NA French PNP" />
        <field name="teamtype" value="0" />
      </record>
      <record id="19eadf05-dcef-eb11-bacb-00224809ac6b">
        <field name="administratorid" value="2cdc3e84-0be5-451e-b99d-952d156085ae" lookupentity="systemuser" lookupentityname="SYSTEM" />
        <field name="businessunitid" value="b46946be-74b5-eb11-8236-0022480a01e3" lookupentity="businessunit" lookupentityname="gecdev" />
        <field name="createdby" value="2cdc3e84-0be5-451e-b99d-952d156085ae" lookupentity="systemuser" lookupentityname="SYSTEM" />
        <field name="createdonbehalfby" value="eab2cdf2-4cd8-eb11-bacb-002248040074" lookupentity="systemuser" lookupentityname="Nick Nelson" />
        <field name="createdon" value="2021-07-28T19:43:08.0000000Z" />
        <field name="queueid" value="2beadf05-dcef-eb11-bacb-00224809ac6b" lookupentity="queue" lookupentityname="&lt;c031050363c846a5a445dbf120402907_1&gt;" />
        <field name="description" value="Internal power virtual agents Chatbotmanager team for botId c0310503-63c8-46a5-a445-dbf120402907." />
        <field name="isdefault" value="False" />
        <field name="systemmanaged" value="False" />
        <field name="modifiedby" value="2cdc3e84-0be5-451e-b99d-952d156085ae" lookupentity="systemuser" lookupentityname="SYSTEM" />
        <field name="modifiedonbehalfby" value="eab2cdf2-4cd8-eb11-bacb-002248040074" lookupentity="systemuser" lookupentityname="Nick Nelson" />
        <field name="modifiedon" value="2021-07-28T19:43:08.0000000Z" />
        <field name="teamid" value="19eadf05-dcef-eb11-bacb-00224809ac6b" />
        <field name="name" value="c031050363c846a5a445dbf120402907_1" />
        <field name="teamtype" value="0" />
      </record>
      <record id="daeadf05-dcef-eb11-bacb-00224809ac6b">
        <field name="administratorid" value="2cdc3e84-0be5-451e-b99d-952d156085ae" lookupentity="systemuser" lookupentityname="SYSTEM" />
        <field name="businessunitid" value="b46946be-74b5-eb11-8236-0022480a01e3" lookupentity="businessunit" lookupentityname="gecdev" />
        <field name="createdby" value="2cdc3e84-0be5-451e-b99d-952d156085ae" lookupentity="systemuser" lookupentityname="SYSTEM" />
        <field name="createdonbehalfby" value="eab2cdf2-4cd8-eb11-bacb-002248040074" lookupentity="systemuser" lookupentityname="Nick Nelson" />
        <field name="createdon" value="2021-07-28T19:43:11.0000000Z" />
        <field name="queueid" value="deeadf05-dcef-eb11-bacb-00224809ac6b" lookupentity="queue" lookupentityname="&lt;c031050363c846a5a445dbf120402907_2&gt;" />
        <field name="description" value="Internal power virtual agents Chatbotauthor team for botId c0310503-63c8-46a5-a445-dbf120402907." />
        <field name="isdefault" value="False" />
        <field name="systemmanaged" value="False" />
        <field name="modifiedby" value="2cdc3e84-0be5-451e-b99d-952d156085ae" lookupentity="systemuser" lookupentityname="SYSTEM" />
        <field name="modifiedonbehalfby" value="eab2cdf2-4cd8-eb11-bacb-002248040074" lookupentity="systemuser" lookupentityname="Nick Nelson" />
        <field name="modifiedon" value="2021-07-28T19:43:11.0000000Z" />
        <field name="teamid" value="daeadf05-dcef-eb11-bacb-00224809ac6b" />
        <field name="name" value="c031050363c846a5a445dbf120402907_2" />
        <field name="teamtype" value="0" />
      </record>
      <record id="e5eadf05-dcef-eb11-bacb-00224809ac6b">
        <field name="administratorid" value="2cdc3e84-0be5-451e-b99d-952d156085ae" lookupentity="systemuser" lookupentityname="SYSTEM" />
        <field name="businessunitid" value="b46946be-74b5-eb11-8236-0022480a01e3" lookupentity="businessunit" lookupentityname="gecdev" />
        <field name="createdby" value="2cdc3e84-0be5-451e-b99d-952d156085ae" lookupentity="systemuser" lookupentityname="SYSTEM" />
        <field name="createdonbehalfby" value="eab2cdf2-4cd8-eb11-bacb-002248040074" lookupentity="systemuser" lookupentityname="Nick Nelson" />
        <field name="createdon" value="2021-07-28T19:43:11.0000000Z" />
        <field name="queueid" value="efeadf05-dcef-eb11-bacb-00224809ac6b" lookupentity="queue" lookupentityname="&lt;c031050363c846a5a445dbf120402907_3&gt;" />
        <field name="description" value="Internal power virtual agents Chatbotreviewer team for botId c0310503-63c8-46a5-a445-dbf120402907." />
        <field name="isdefault" value="False" />
        <field name="systemmanaged" value="False" />
        <field name="modifiedby" value="2cdc3e84-0be5-451e-b99d-952d156085ae" lookupentity="systemuser" lookupentityname="SYSTEM" />
        <field name="modifiedonbehalfby" value="eab2cdf2-4cd8-eb11-bacb-002248040074" lookupentity="systemuser" lookupentityname="Nick Nelson" />
        <field name="modifiedon" value="2021-07-28T19:43:11.0000000Z" />
        <field name="teamid" value="e5eadf05-dcef-eb11-bacb-00224809ac6b" />
        <field name="name" value="c031050363c846a5a445dbf120402907_3" />
        <field name="teamtype" value="0" />
      </record>
    </records>
    <m2mrelationships>
      <m2mrelationship sourceid="577d131c-d7c7-eb11-bacc-000d3a37cb65" targetentityname="role" targetentitynameidfield="roleid" m2mrelationshipname="teamroles">
        <targetids>
          <targetid>074ded28-0dd5-eb11-bacc-000d3a3b9083</targetid>
        </targetids>
      </m2mrelationship>
      <m2mrelationship sourceid="627d131c-d7c7-eb11-bacc-000d3a37cb65" targetentityname="role" targetentitynameidfield="roleid" m2mrelationshipname="teamroles">
        <targetids>
          <targetid>074ded28-0dd5-eb11-bacc-000d3a3b9083</targetid>
          <targetid>086e46be-74b5-eb11-8236-0022480a01e3</targetid>
        </targetids>
      </m2mrelationship>
      <m2mrelationship sourceid="777d131c-d7c7-eb11-bacc-000d3a37cb65" targetentityname="role" targetentitynameidfield="roleid" m2mrelationshipname="teamroles">
        <targetids>
          <targetid>074ded28-0dd5-eb11-bacc-000d3a3b9083</targetid>
          <targetid>086e46be-74b5-eb11-8236-0022480a01e3</targetid>
        </targetids>
      </m2mrelationship>
      <m2mrelationship sourceid="7cf7cce4-94c8-eb11-bacc-000d3a5a149f" targetentityname="role" targetentitynameidfield="roleid" m2mrelationshipname="teamroles">
        <targetids>
          <targetid>074ded28-0dd5-eb11-bacc-000d3a3b9083</targetid>
        </targetids>
      </m2mrelationship>
      <m2mrelationship sourceid="c49403f8-94c8-eb11-bacc-000d3a5a149f" targetentityname="role" targetentitynameidfield="roleid" m2mrelationshipname="teamroles">
        <targetids>
          <targetid>074ded28-0dd5-eb11-bacc-000d3a3b9083</targetid>
        </targetids>
      </m2mrelationship>
      <m2mrelationship sourceid="95f31a14-95c8-eb11-bacc-000d3a5a149f" targetentityname="role" targetentitynameidfield="roleid" m2mrelationshipname="teamroles">
        <targetids>
          <targetid>074ded28-0dd5-eb11-bacc-000d3a3b9083</targetid>
        </targetids>
      </m2mrelationship>
      <m2mrelationship sourceid="40967527-95c8-eb11-bacc-000d3a5a149f" targetentityname="role" targetentitynameidfield="roleid" m2mrelationshipname="teamroles">
        <targetids>
          <targetid>6230e0d3-f4c3-eb11-bacc-000d3a31d219</targetid>
          <targetid>074ded28-0dd5-eb11-bacc-000d3a3b9083</targetid>
          <targetid>c30bdbfe-7553-e811-8147-000d3aa39708</targetid>
          <targetid>e4435009-7653-e811-8147-000d3aa39708</targetid>
        </targetids>
      </m2mrelationship>
      <m2mrelationship sourceid="6b32c342-95c8-eb11-bacc-000d3a5a149f" targetentityname="role" targetentitynameidfield="roleid" m2mrelationshipname="teamroles">
        <targetids>
          <targetid>074ded28-0dd5-eb11-bacc-000d3a3b9083</targetid>
        </targetids>
      </m2mrelationship>
      <m2mrelationship sourceid="626839b2-74f4-eb11-94ef-000d3a5b353d" targetentityname="role" targetentitynameidfield="roleid" m2mrelationshipname="teamroles">
        <targetids>
          <targetid>074ded28-0dd5-eb11-bacc-000d3a3b9083</targetid>
        </targetids>
      </m2mrelationship>
      <m2mrelationship sourceid="9c0e926a-a3fa-eb11-94ef-000d3a5b353d" targetentityname="role" targetentitynameidfield="roleid" m2mrelationshipname="teamroles">
        <targetids>
          <targetid>074ded28-0dd5-eb11-bacc-000d3a3b9083</targetid>
          <targetid>086e46be-74b5-eb11-8236-0022480a01e3</targetid>
        </targetids>
      </m2mrelationship>
      <m2mrelationship sourceid="db0a1586-a3fa-eb11-94ef-000d3a5b353d" targetentityname="role" targetentitynameidfield="roleid" m2mrelationshipname="teamroles">
        <targetids>
          <targetid>074ded28-0dd5-eb11-bacc-000d3a3b9083</targetid>
          <targetid>086e46be-74b5-eb11-8236-0022480a01e3</targetid>
        </targetids>
      </m2mrelationship>
      <m2mrelationship sourceid="c4521398-a3fa-eb11-94ef-000d3a5b353d" targetentityname="role" targetentitynameidfield="roleid" m2mrelationshipname="teamroles">
        <targetids>
          <targetid>074ded28-0dd5-eb11-bacc-000d3a3b9083</targetid>
          <targetid>086e46be-74b5-eb11-8236-0022480a01e3</targetid>
        </targetids>
      </m2mrelationship>
      <m2mrelationship sourceid="b9bc19bc-a3fa-eb11-94ef-000d3a5b353d" targetentityname="role" targetentitynameidfield="roleid" m2mrelationshipname="teamroles">
        <targetids>
          <targetid>074ded28-0dd5-eb11-bacc-000d3a3b9083</targetid>
          <targetid>086e46be-74b5-eb11-8236-0022480a01e3</targetid>
        </targetids>
      </m2mrelationship>
      <m2mrelationship sourceid="4d0c0fc8-a3fa-eb11-94ef-000d3a5b353d" targetentityname="role" targetentitynameidfield="roleid" m2mrelationshipname="teamroles">
        <targetids>
          <targetid>074ded28-0dd5-eb11-bacc-000d3a3b9083</targetid>
          <targetid>086e46be-74b5-eb11-8236-0022480a01e3</targetid>
        </targetids>
      </m2mrelationship>
      <m2mrelationship sourceid="1fb609ce-a3fa-eb11-94ef-000d3a5b353d" targetentityname="role" targetentitynameidfield="roleid" m2mrelationshipname="teamroles">
        <targetids>
          <targetid>074ded28-0dd5-eb11-bacc-000d3a3b9083</targetid>
          <targetid>086e46be-74b5-eb11-8236-0022480a01e3</targetid>
        </targetids>
      </m2mrelationship>
      <m2mrelationship sourceid="d76004d4-a3fa-eb11-94ef-000d3a5b353d" targetentityname="role" targetentitynameidfield="roleid" m2mrelationshipname="teamroles">
        <targetids>
          <targetid>074ded28-0dd5-eb11-bacc-000d3a3b9083</targetid>
          <targetid>086e46be-74b5-eb11-8236-0022480a01e3</targetid>
        </targetids>
      </m2mrelationship>
      <m2mrelationship sourceid="aaf2f1e5-a3fa-eb11-94ef-000d3a5b353d" targetentityname="role" targetentitynameidfield="roleid" m2mrelationshipname="teamroles">
        <targetids>
          <targetid>074ded28-0dd5-eb11-bacc-000d3a3b9083</targetid>
          <targetid>086e46be-74b5-eb11-8236-0022480a01e3</targetid>
        </targetids>
      </m2mrelationship>
      <m2mrelationship sourceid="aa9aeceb-a3fa-eb11-94ef-000d3a5b353d" targetentityname="role" targetentitynameidfield="roleid" m2mrelationshipname="teamroles">
        <targetids>
          <targetid>074ded28-0dd5-eb11-bacc-000d3a3b9083</targetid>
          <targetid>086e46be-74b5-eb11-8236-0022480a01e3</targetid>
        </targetids>
      </m2mrelationship>
      <m2mrelationship sourceid="61cdf0f1-a3fa-eb11-94ef-000d3a5b353d" targetentityname="role" targetentitynameidfield="roleid" m2mrelationshipname="teamroles">
        <targetids>
          <targetid>074ded28-0dd5-eb11-bacc-000d3a3b9083</targetid>
          <targetid>086e46be-74b5-eb11-8236-0022480a01e3</targetid>
        </targetids>
      </m2mrelationship>
      <m2mrelationship sourceid="674d89fe-a3fa-eb11-94ef-000d3a5b353d" targetentityname="role" targetentitynameidfield="roleid" m2mrelationshipname="teamroles">
        <targetids>
          <targetid>074ded28-0dd5-eb11-bacc-000d3a3b9083</targetid>
          <targetid>086e46be-74b5-eb11-8236-0022480a01e3</targetid>
        </targetids>
      </m2mrelationship>
      <m2mrelationship sourceid="88160f05-a4fa-eb11-94ef-000d3a5b353d" targetentityname="role" targetentitynameidfield="roleid" m2mrelationshipname="teamroles">
        <targetids>
          <targetid>074ded28-0dd5-eb11-bacc-000d3a3b9083</targetid>
          <targetid>086e46be-74b5-eb11-8236-0022480a01e3</targetid>
        </targetids>
      </m2mrelationship>
      <m2mrelationship sourceid="bfddab0b-a4fa-eb11-94ef-000d3a5b353d" targetentityname="role" targetentitynameidfield="roleid" m2mrelationshipname="teamroles">
        <targetids>
          <targetid>074ded28-0dd5-eb11-bacc-000d3a3b9083</targetid>
          <targetid>086e46be-74b5-eb11-8236-0022480a01e3</targetid>
        </targetids>
      </m2mrelationship>
      <m2mrelationship sourceid="011b0d1a-a4fa-eb11-94ef-000d3a5b353d" targetentityname="role" targetentitynameidfield="roleid" m2mrelationshipname="teamroles">
        <targetids>
          <targetid>074ded28-0dd5-eb11-bacc-000d3a3b9083</targetid>
          <targetid>086e46be-74b5-eb11-8236-0022480a01e3</targetid>
        </targetids>
      </m2mrelationship>
      <m2mrelationship sourceid="bd589523-a4fa-eb11-94ef-000d3a5b353d" targetentityname="role" targetentitynameidfield="roleid" m2mrelationshipname="teamroles">
        <targetids>
          <targetid>074ded28-0dd5-eb11-bacc-000d3a3b9083</targetid>
          <targetid>086e46be-74b5-eb11-8236-0022480a01e3</targetid>
        </targetids>
      </m2mrelationship>
      <m2mrelationship sourceid="210e9947-a4fa-eb11-94ef-000d3a5b353d" targetentityname="role" targetentitynameidfield="roleid" m2mrelationshipname="teamroles">
        <targetids>
          <targetid>074ded28-0dd5-eb11-bacc-000d3a3b9083</targetid>
          <targetid>086e46be-74b5-eb11-8236-0022480a01e3</targetid>
        </targetids>
      </m2mrelationship>
      <m2mrelationship sourceid="1cac9c53-a4fa-eb11-94ef-000d3a5b353d" targetentityname="role" targetentitynameidfield="roleid" m2mrelationshipname="teamroles">
        <targetids>
          <targetid>074ded28-0dd5-eb11-bacc-000d3a3b9083</targetid>
          <targetid>086e46be-74b5-eb11-8236-0022480a01e3</targetid>
        </targetids>
      </m2mrelationship>
      <m2mrelationship sourceid="84dea059-a4fa-eb11-94ef-000d3a5b353d" targetentityname="role" targetentitynameidfield="roleid" m2mrelationshipname="teamroles">
        <targetids>
          <targetid>074ded28-0dd5-eb11-bacc-000d3a3b9083</targetid>
          <targetid>086e46be-74b5-eb11-8236-0022480a01e3</targetid>
        </targetids>
      </m2mrelationship>
      <m2mrelationship sourceid="3ad2d165-a4fa-eb11-94ef-000d3a5b353d" targetentityname="role" targetentitynameidfield="roleid" m2mrelationshipname="teamroles">
        <targetids>
          <targetid>074ded28-0dd5-eb11-bacc-000d3a3b9083</targetid>
          <targetid>086e46be-74b5-eb11-8236-0022480a01e3</targetid>
        </targetids>
      </m2mrelationship>
      <m2mrelationship sourceid="dcfb706c-a4fa-eb11-94ef-000d3a5b353d" targetentityname="role" targetentitynameidfield="roleid" m2mrelationshipname="teamroles">
        <targetids>
          <targetid>074ded28-0dd5-eb11-bacc-000d3a3b9083</targetid>
          <targetid>086e46be-74b5-eb11-8236-0022480a01e3</targetid>
        </targetids>
      </m2mrelationship>
      <m2mrelationship sourceid="7ae7e19e-a4fa-eb11-94ef-000d3a5b353d" targetentityname="role" targetentitynameidfield="roleid" m2mrelationshipname="teamroles">
        <targetids>
          <targetid>074ded28-0dd5-eb11-bacc-000d3a3b9083</targetid>
          <targetid>086e46be-74b5-eb11-8236-0022480a01e3</targetid>
        </targetids>
      </m2mrelationship>
      <m2mrelationship sourceid="412cdaa4-a4fa-eb11-94ef-000d3a5b353d" targetentityname="role" targetentitynameidfield="roleid" m2mrelationshipname="teamroles">
        <targetids>
          <targetid>074ded28-0dd5-eb11-bacc-000d3a3b9083</targetid>
          <targetid>086e46be-74b5-eb11-8236-0022480a01e3</targetid>
        </targetids>
      </m2mrelationship>
      <m2mrelationship sourceid="fa8accb6-a4fa-eb11-94ef-000d3a5b353d" targetentityname="role" targetentitynameidfield="roleid" m2mrelationshipname="teamroles">
        <targetids>
          <targetid>074ded28-0dd5-eb11-bacc-000d3a3b9083</targetid>
          <targetid>086e46be-74b5-eb11-8236-0022480a01e3</targetid>
        </targetids>
      </m2mrelationship>
      <m2mrelationship sourceid="c200c9c2-a4fa-eb11-94ef-000d3a5b353d" targetentityname="role" targetentitynameidfield="roleid" m2mrelationshipname="teamroles">
        <targetids>
          <targetid>074ded28-0dd5-eb11-bacc-000d3a3b9083</targetid>
          <targetid>086e46be-74b5-eb11-8236-0022480a01e3</targetid>
        </targetids>
      </m2mrelationship>
      <m2mrelationship sourceid="17a7c3c8-a4fa-eb11-94ef-000d3a5b353d" targetentityname="role" targetentitynameidfield="roleid" m2mrelationshipname="teamroles">
        <targetids>
          <targetid>074ded28-0dd5-eb11-bacc-000d3a3b9083</targetid>
          <targetid>086e46be-74b5-eb11-8236-0022480a01e3</targetid>
        </targetids>
      </m2mrelationship>
      <m2mrelationship sourceid="0e2814cf-a4fa-eb11-94ef-000d3a5b353d" targetentityname="role" targetentitynameidfield="roleid" m2mrelationshipname="teamroles">
        <targetids>
          <targetid>074ded28-0dd5-eb11-bacc-000d3a3b9083</targetid>
          <targetid>086e46be-74b5-eb11-8236-0022480a01e3</targetid>
        </targetids>
      </m2mrelationship>
      <m2mrelationship sourceid="0d7de4d6-a4fa-eb11-94ef-000d3a5b353d" targetentityname="role" targetentitynameidfield="roleid" m2mrelationshipname="teamroles">
        <targetids>
          <targetid>074ded28-0dd5-eb11-bacc-000d3a3b9083</targetid>
          <targetid>086e46be-74b5-eb11-8236-0022480a01e3</targetid>
        </targetids>
      </m2mrelationship>
      <m2mrelationship sourceid="affd9cde-a4fa-eb11-94ef-000d3a5b353d" targetentityname="role" targetentitynameidfield="roleid" m2mrelationshipname="teamroles">
        <targetids>
          <targetid>074ded28-0dd5-eb11-bacc-000d3a3b9083</targetid>
          <targetid>086e46be-74b5-eb11-8236-0022480a01e3</targetid>
        </targetids>
      </m2mrelationship>
      <m2mrelationship sourceid="b42dc0e4-a4fa-eb11-94ef-000d3a5b353d" targetentityname="role" targetentitynameidfield="roleid" m2mrelationshipname="teamroles">
        <targetids>
          <targetid>074ded28-0dd5-eb11-bacc-000d3a3b9083</targetid>
          <targetid>086e46be-74b5-eb11-8236-0022480a01e3</targetid>
        </targetids>
      </m2mrelationship>
      <m2mrelationship sourceid="c554a8f7-a4fa-eb11-94ef-000d3a5b353d" targetentityname="role" targetentitynameidfield="roleid" m2mrelationshipname="teamroles">
        <targetids>
          <targetid>074ded28-0dd5-eb11-bacc-000d3a3b9083</targetid>
          <targetid>086e46be-74b5-eb11-8236-0022480a01e3</targetid>
        </targetids>
      </m2mrelationship>
    </m2mrelationships>
  </entity>
</entities>