
<entities xmlns:xsd="http://www.w3.org/2001/XMLSchema" xmlns:xsi="http://www.w3.org/2001/XMLSchema-instance" timestamp="2021-09-07T18:20:38.7562771Z">
  <entity name="lulu_followupreason" displayname="Follow-up Reason">
    <records>
      <record id="17a9a404-70ea-eb11-bacb-000d3a5aa204">
        <field name="createdby" value="9236ce40-39d6-eb11-bacb-00224804c7ac" lookupentity="systemuser" lookupentityname="King Yeung" />
        <field name="createdon" value="2021-07-21T22:07:42.0000000Z" />
        <field name="lulu_followupreasonid" value="17a9a404-70ea-eb11-bacb-000d3a5aa204" />
        <field name="importsequencenumber" value="46" />
        <field name="modifiedby" value="84ba7f7f-a3d4-eb11-bacc-000d3a3b9da0" lookupentity="systemuser" lookupentityname="Anish Maurya" />
        <field name="modifiedon" value="2021-08-19T00:01:40.0000000Z" />
        <field name="lulu_name" value="Cart issue/item OOS" />
        <field name="organizationid" value="2441e7e2-77e2-4b0a-98ee-42eb3aca494d" lookupentity="organization" lookupentityname="gecdev" />
        <field name="statecode" value="0" />
        <field name="statuscode" value="1" />
        <field name="lulu_subtype" value="26620120-bad9-eb11-bacb-002248040074" lookupentity="lulu_case_types" lookupentityname="Trouble placing order" />
      </record>
      <record id="19a9a404-70ea-eb11-bacb-000d3a5aa204">
        <field name="createdby" value="9236ce40-39d6-eb11-bacb-00224804c7ac" lookupentity="systemuser" lookupentityname="King Yeung" />
        <field name="createdon" value="2021-07-21T22:07:42.0000000Z" />
        <field name="lulu_followupreasonid" value="19a9a404-70ea-eb11-bacb-000d3a5aa204" />
        <field name="importsequencenumber" value="46" />
        <field name="modifiedby" value="84ba7f7f-a3d4-eb11-bacc-000d3a3b9da0" lookupentity="systemuser" lookupentityname="Anish Maurya" />
        <field name="modifiedon" value="2021-08-19T00:01:42.0000000Z" />
        <field name="lulu_name" value="Checkout issue" />
        <field name="organizationid" value="2441e7e2-77e2-4b0a-98ee-42eb3aca494d" lookupentity="organization" lookupentityname="gecdev" />
        <field name="statecode" value="0" />
        <field name="statuscode" value="1" />
        <field name="lulu_subtype" value="26620120-bad9-eb11-bacb-002248040074" lookupentity="lulu_case_types" lookupentityname="Trouble placing order" />
      </record>
      <record id="1ba9a404-70ea-eb11-bacb-000d3a5aa204">
        <field name="createdby" value="9236ce40-39d6-eb11-bacb-00224804c7ac" lookupentity="systemuser" lookupentityname="King Yeung" />
        <field name="createdon" value="2021-07-21T22:07:42.0000000Z" />
        <field name="lulu_followupreasonid" value="1ba9a404-70ea-eb11-bacb-000d3a5aa204" />
        <field name="importsequencenumber" value="46" />
        <field name="modifiedby" value="84ba7f7f-a3d4-eb11-bacc-000d3a3b9da0" lookupentity="systemuser" lookupentityname="Anish Maurya" />
        <field name="modifiedon" value="2021-08-19T00:01:41.0000000Z" />
        <field name="lulu_name" value="Shipping address issue" />
        <field name="organizationid" value="2441e7e2-77e2-4b0a-98ee-42eb3aca494d" lookupentity="organization" lookupentityname="gecdev" />
        <field name="statecode" value="0" />
        <field name="statuscode" value="1" />
        <field name="lulu_subtype" value="26620120-bad9-eb11-bacb-002248040074" lookupentity="lulu_case_types" lookupentityname="Trouble placing order" />
      </record>
      <record id="1da9a404-70ea-eb11-bacb-000d3a5aa204">
        <field name="createdby" value="9236ce40-39d6-eb11-bacb-00224804c7ac" lookupentity="systemuser" lookupentityname="King Yeung" />
        <field name="createdon" value="2021-07-21T22:07:42.0000000Z" />
        <field name="lulu_followupreasonid" value="1da9a404-70ea-eb11-bacb-000d3a5aa204" />
        <field name="importsequencenumber" value="46" />
        <field name="modifiedby" value="84ba7f7f-a3d4-eb11-bacc-000d3a3b9da0" lookupentity="systemuser" lookupentityname="Anish Maurya" />
        <field name="modifiedon" value="2021-08-19T00:01:43.0000000Z" />
        <field name="lulu_name" value="Require DAV override" />
        <field name="organizationid" value="2441e7e2-77e2-4b0a-98ee-42eb3aca494d" lookupentity="organization" lookupentityname="gecdev" />
        <field name="statecode" value="0" />
        <field name="statuscode" value="1" />
        <field name="lulu_subtype" value="26620120-bad9-eb11-bacb-002248040074" lookupentity="lulu_case_types" lookupentityname="Trouble placing order" />
      </record>
      <record id="1fa9a404-70ea-eb11-bacb-000d3a5aa204">
        <field name="createdby" value="9236ce40-39d6-eb11-bacb-00224804c7ac" lookupentity="systemuser" lookupentityname="King Yeung" />
        <field name="createdon" value="2021-07-21T22:07:42.0000000Z" />
        <field name="lulu_followupreasonid" value="1fa9a404-70ea-eb11-bacb-000d3a5aa204" />
        <field name="importsequencenumber" value="46" />
        <field name="modifiedby" value="84ba7f7f-a3d4-eb11-bacc-000d3a3b9da0" lookupentity="systemuser" lookupentityname="Anish Maurya" />
        <field name="modifiedon" value="2021-08-19T00:01:40.0000000Z" />
        <field name="lulu_name" value="Billing issue" />
        <field name="organizationid" value="2441e7e2-77e2-4b0a-98ee-42eb3aca494d" lookupentity="organization" lookupentityname="gecdev" />
        <field name="statecode" value="0" />
        <field name="statuscode" value="1" />
        <field name="lulu_subtype" value="26620120-bad9-eb11-bacb-002248040074" lookupentity="lulu_case_types" lookupentityname="Trouble placing order" />
      </record>
      <record id="21a9a404-70ea-eb11-bacb-000d3a5aa204">
        <field name="createdby" value="9236ce40-39d6-eb11-bacb-00224804c7ac" lookupentity="systemuser" lookupentityname="King Yeung" />
        <field name="createdon" value="2021-07-21T22:07:42.0000000Z" />
        <field name="lulu_followupreasonid" value="21a9a404-70ea-eb11-bacb-000d3a5aa204" />
        <field name="importsequencenumber" value="46" />
        <field name="modifiedby" value="84ba7f7f-a3d4-eb11-bacc-000d3a3b9da0" lookupentity="systemuser" lookupentityname="Anish Maurya" />
        <field name="modifiedon" value="2021-08-19T00:01:42.0000000Z" />
        <field name="lulu_name" value="Gift card related issue" />
        <field name="organizationid" value="2441e7e2-77e2-4b0a-98ee-42eb3aca494d" lookupentity="organization" lookupentityname="gecdev" />
        <field name="statecode" value="0" />
        <field name="statuscode" value="1" />
        <field name="lulu_subtype" value="26620120-bad9-eb11-bacb-002248040074" lookupentity="lulu_case_types" lookupentityname="Trouble placing order" />
      </record>
      <record id="25a9a404-70ea-eb11-bacb-000d3a5aa204">
        <field name="createdby" value="9236ce40-39d6-eb11-bacb-00224804c7ac" lookupentity="systemuser" lookupentityname="King Yeung" />
        <field name="createdon" value="2021-07-21T22:07:43.0000000Z" />
        <field name="lulu_followupreasonid" value="25a9a404-70ea-eb11-bacb-000d3a5aa204" />
        <field name="importsequencenumber" value="46" />
        <field name="modifiedby" value="84ba7f7f-a3d4-eb11-bacc-000d3a3b9da0" lookupentity="systemuser" lookupentityname="Anish Maurya" />
        <field name="modifiedon" value="2021-08-19T00:01:43.0000000Z" />
        <field name="lulu_name" value="Order error code/message" />
        <field name="organizationid" value="2441e7e2-77e2-4b0a-98ee-42eb3aca494d" lookupentity="organization" lookupentityname="gecdev" />
        <field name="statecode" value="0" />
        <field name="statuscode" value="1" />
        <field name="lulu_subtype" value="26620120-bad9-eb11-bacb-002248040074" lookupentity="lulu_case_types" lookupentityname="Trouble placing order" />
      </record>
      <record id="27a9a404-70ea-eb11-bacb-000d3a5aa204">
        <field name="createdby" value="9236ce40-39d6-eb11-bacb-00224804c7ac" lookupentity="systemuser" lookupentityname="King Yeung" />
        <field name="createdon" value="2021-07-21T22:07:43.0000000Z" />
        <field name="lulu_followupreasonid" value="27a9a404-70ea-eb11-bacb-000d3a5aa204" />
        <field name="importsequencenumber" value="46" />
        <field name="modifiedby" value="84ba7f7f-a3d4-eb11-bacc-000d3a3b9da0" lookupentity="systemuser" lookupentityname="Anish Maurya" />
        <field name="modifiedon" value="2021-08-19T00:01:41.0000000Z" />
        <field name="lulu_name" value="Reason not provided by guest" />
        <field name="organizationid" value="2441e7e2-77e2-4b0a-98ee-42eb3aca494d" lookupentity="organization" lookupentityname="gecdev" />
        <field name="statecode" value="0" />
        <field name="statuscode" value="1" />
        <field name="lulu_subtype" value="26620120-bad9-eb11-bacb-002248040074" lookupentity="lulu_case_types" lookupentityname="Trouble placing order" />
      </record>
      <record id="29a9a404-70ea-eb11-bacb-000d3a5aa204">
        <field name="createdby" value="9236ce40-39d6-eb11-bacb-00224804c7ac" lookupentity="systemuser" lookupentityname="King Yeung" />
        <field name="createdon" value="2021-07-21T22:07:43.0000000Z" />
        <field name="lulu_followupreasonid" value="29a9a404-70ea-eb11-bacb-000d3a5aa204" />
        <field name="importsequencenumber" value="46" />
        <field name="modifiedby" value="84ba7f7f-a3d4-eb11-bacc-000d3a3b9da0" lookupentity="systemuser" lookupentityname="Anish Maurya" />
        <field name="modifiedon" value="2021-08-19T00:01:43.0000000Z" />
        <field name="lulu_name" value="Damaged - during transit" />
        <field name="organizationid" value="2441e7e2-77e2-4b0a-98ee-42eb3aca494d" lookupentity="organization" lookupentityname="gecdev" />
        <field name="statecode" value="0" />
        <field name="statuscode" value="1" />
        <field name="lulu_subtype" value="d9cc3e26-bad9-eb11-bacb-002248040074" lookupentity="lulu_case_types" lookupentityname="Delivered ecom order follow-up" />
      </record>
      <record id="2ba9a404-70ea-eb11-bacb-000d3a5aa204">
        <field name="createdby" value="9236ce40-39d6-eb11-bacb-00224804c7ac" lookupentity="systemuser" lookupentityname="King Yeung" />
        <field name="createdon" value="2021-07-21T22:07:43.0000000Z" />
        <field name="lulu_followupreasonid" value="2ba9a404-70ea-eb11-bacb-000d3a5aa204" />
        <field name="importsequencenumber" value="46" />
        <field name="modifiedby" value="84ba7f7f-a3d4-eb11-bacc-000d3a3b9da0" lookupentity="systemuser" lookupentityname="Anish Maurya" />
        <field name="modifiedon" value="2021-08-19T00:01:47.0000000Z" />
        <field name="lulu_name" value="Damaged - from DC" />
        <field name="organizationid" value="2441e7e2-77e2-4b0a-98ee-42eb3aca494d" lookupentity="organization" lookupentityname="gecdev" />
        <field name="statecode" value="0" />
        <field name="statuscode" value="1" />
        <field name="lulu_subtype" value="d9cc3e26-bad9-eb11-bacb-002248040074" lookupentity="lulu_case_types" lookupentityname="Delivered ecom order follow-up" />
      </record>
      <record id="2da9a404-70ea-eb11-bacb-000d3a5aa204">
        <field name="createdby" value="9236ce40-39d6-eb11-bacb-00224804c7ac" lookupentity="systemuser" lookupentityname="King Yeung" />
        <field name="createdon" value="2021-07-21T22:07:43.0000000Z" />
        <field name="lulu_followupreasonid" value="2da9a404-70ea-eb11-bacb-000d3a5aa204" />
        <field name="importsequencenumber" value="46" />
        <field name="modifiedby" value="84ba7f7f-a3d4-eb11-bacc-000d3a3b9da0" lookupentity="systemuser" lookupentityname="Anish Maurya" />
        <field name="modifiedon" value="2021-08-19T00:01:42.0000000Z" />
        <field name="lulu_name" value="Duplicate order" />
        <field name="organizationid" value="2441e7e2-77e2-4b0a-98ee-42eb3aca494d" lookupentity="organization" lookupentityname="gecdev" />
        <field name="statecode" value="0" />
        <field name="statuscode" value="1" />
        <field name="lulu_subtype" value="d9cc3e26-bad9-eb11-bacb-002248040074" lookupentity="lulu_case_types" lookupentityname="Delivered ecom order follow-up" />
      </record>
      <record id="2fa9a404-70ea-eb11-bacb-000d3a5aa204">
        <field name="createdby" value="9236ce40-39d6-eb11-bacb-00224804c7ac" lookupentity="systemuser" lookupentityname="King Yeung" />
        <field name="createdon" value="2021-07-21T22:07:43.0000000Z" />
        <field name="lulu_followupreasonid" value="2fa9a404-70ea-eb11-bacb-000d3a5aa204" />
        <field name="importsequencenumber" value="46" />
        <field name="modifiedby" value="84ba7f7f-a3d4-eb11-bacc-000d3a3b9da0" lookupentity="systemuser" lookupentityname="Anish Maurya" />
        <field name="modifiedon" value="2021-08-19T00:01:41.0000000Z" />
        <field name="lulu_name" value="Extra item" />
        <field name="organizationid" value="2441e7e2-77e2-4b0a-98ee-42eb3aca494d" lookupentity="organization" lookupentityname="gecdev" />
        <field name="statecode" value="0" />
        <field name="statuscode" value="1" />
        <field name="lulu_subtype" value="d9cc3e26-bad9-eb11-bacb-002248040074" lookupentity="lulu_case_types" lookupentityname="Delivered ecom order follow-up" />
      </record>
      <record id="31a9a404-70ea-eb11-bacb-000d3a5aa204">
        <field name="createdby" value="9236ce40-39d6-eb11-bacb-00224804c7ac" lookupentity="systemuser" lookupentityname="King Yeung" />
        <field name="createdon" value="2021-07-21T22:07:43.0000000Z" />
        <field name="lulu_followupreasonid" value="31a9a404-70ea-eb11-bacb-000d3a5aa204" />
        <field name="importsequencenumber" value="46" />
        <field name="modifiedby" value="84ba7f7f-a3d4-eb11-bacc-000d3a3b9da0" lookupentity="systemuser" lookupentityname="Anish Maurya" />
        <field name="modifiedon" value="2021-08-19T00:01:41.0000000Z" />
        <field name="lulu_name" value="Missing parts" />
        <field name="organizationid" value="2441e7e2-77e2-4b0a-98ee-42eb3aca494d" lookupentity="organization" lookupentityname="gecdev" />
        <field name="statecode" value="0" />
        <field name="statuscode" value="1" />
        <field name="lulu_subtype" value="d9cc3e26-bad9-eb11-bacb-002248040074" lookupentity="lulu_case_types" lookupentityname="Delivered ecom order follow-up" />
      </record>
      <record id="33a9a404-70ea-eb11-bacb-000d3a5aa204">
        <field name="createdby" value="9236ce40-39d6-eb11-bacb-00224804c7ac" lookupentity="systemuser" lookupentityname="King Yeung" />
        <field name="createdon" value="2021-07-21T22:07:43.0000000Z" />
        <field name="lulu_followupreasonid" value="33a9a404-70ea-eb11-bacb-000d3a5aa204" />
        <field name="importsequencenumber" value="46" />
        <field name="modifiedby" value="84ba7f7f-a3d4-eb11-bacc-000d3a3b9da0" lookupentity="systemuser" lookupentityname="Anish Maurya" />
        <field name="modifiedon" value="2021-08-19T00:01:46.0000000Z" />
        <field name="lulu_name" value="Package swap" />
        <field name="organizationid" value="2441e7e2-77e2-4b0a-98ee-42eb3aca494d" lookupentity="organization" lookupentityname="gecdev" />
        <field name="statecode" value="0" />
        <field name="statuscode" value="1" />
        <field name="lulu_subtype" value="d9cc3e26-bad9-eb11-bacb-002248040074" lookupentity="lulu_case_types" lookupentityname="Delivered ecom order follow-up" />
      </record>
      <record id="35a9a404-70ea-eb11-bacb-000d3a5aa204">
        <field name="createdby" value="9236ce40-39d6-eb11-bacb-00224804c7ac" lookupentity="systemuser" lookupentityname="King Yeung" />
        <field name="createdon" value="2021-07-21T22:07:43.0000000Z" />
        <field name="lulu_followupreasonid" value="35a9a404-70ea-eb11-bacb-000d3a5aa204" />
        <field name="importsequencenumber" value="46" />
        <field name="modifiedby" value="84ba7f7f-a3d4-eb11-bacc-000d3a3b9da0" lookupentity="systemuser" lookupentityname="Anish Maurya" />
        <field name="modifiedon" value="2021-08-19T00:01:43.0000000Z" />
        <field name="lulu_name" value="Received order - no order placed" />
        <field name="organizationid" value="2441e7e2-77e2-4b0a-98ee-42eb3aca494d" lookupentity="organization" lookupentityname="gecdev" />
        <field name="statecode" value="0" />
        <field name="statuscode" value="1" />
        <field name="lulu_subtype" value="d9cc3e26-bad9-eb11-bacb-002248040074" lookupentity="lulu_case_types" lookupentityname="Delivered ecom order follow-up" />
      </record>
      <record id="37a9a404-70ea-eb11-bacb-000d3a5aa204">
        <field name="createdby" value="9236ce40-39d6-eb11-bacb-00224804c7ac" lookupentity="systemuser" lookupentityname="King Yeung" />
        <field name="createdon" value="2021-07-21T22:07:43.0000000Z" />
        <field name="lulu_followupreasonid" value="37a9a404-70ea-eb11-bacb-000d3a5aa204" />
        <field name="importsequencenumber" value="46" />
        <field name="modifiedby" value="84ba7f7f-a3d4-eb11-bacc-000d3a3b9da0" lookupentity="systemuser" lookupentityname="Anish Maurya" />
        <field name="modifiedon" value="2021-08-19T00:01:43.0000000Z" />
        <field name="lulu_name" value="Wrong colour" />
        <field name="organizationid" value="2441e7e2-77e2-4b0a-98ee-42eb3aca494d" lookupentity="organization" lookupentityname="gecdev" />
        <field name="statecode" value="0" />
        <field name="statuscode" value="1" />
        <field name="lulu_subtype" value="d9cc3e26-bad9-eb11-bacb-002248040074" lookupentity="lulu_case_types" lookupentityname="Delivered ecom order follow-up" />
      </record>
      <record id="39a9a404-70ea-eb11-bacb-000d3a5aa204">
        <field name="createdby" value="9236ce40-39d6-eb11-bacb-00224804c7ac" lookupentity="systemuser" lookupentityname="King Yeung" />
        <field name="createdon" value="2021-07-21T22:07:43.0000000Z" />
        <field name="lulu_followupreasonid" value="39a9a404-70ea-eb11-bacb-000d3a5aa204" />
        <field name="importsequencenumber" value="46" />
        <field name="modifiedby" value="84ba7f7f-a3d4-eb11-bacc-000d3a3b9da0" lookupentity="systemuser" lookupentityname="Anish Maurya" />
        <field name="modifiedon" value="2021-08-19T00:01:44.0000000Z" />
        <field name="lulu_name" value="Wrong size" />
        <field name="organizationid" value="2441e7e2-77e2-4b0a-98ee-42eb3aca494d" lookupentity="organization" lookupentityname="gecdev" />
        <field name="statecode" value="0" />
        <field name="statuscode" value="1" />
        <field name="lulu_subtype" value="d9cc3e26-bad9-eb11-bacb-002248040074" lookupentity="lulu_case_types" lookupentityname="Delivered ecom order follow-up" />
      </record>
      <record id="3ba9a404-70ea-eb11-bacb-000d3a5aa204">
        <field name="createdby" value="9236ce40-39d6-eb11-bacb-00224804c7ac" lookupentity="systemuser" lookupentityname="King Yeung" />
        <field name="createdon" value="2021-07-21T22:07:43.0000000Z" />
        <field name="lulu_followupreasonid" value="3ba9a404-70ea-eb11-bacb-000d3a5aa204" />
        <field name="importsequencenumber" value="46" />
        <field name="modifiedby" value="84ba7f7f-a3d4-eb11-bacc-000d3a3b9da0" lookupentity="systemuser" lookupentityname="Anish Maurya" />
        <field name="modifiedon" value="2021-08-19T00:01:48.0000000Z" />
        <field name="lulu_name" value="Wrong style" />
        <field name="organizationid" value="2441e7e2-77e2-4b0a-98ee-42eb3aca494d" lookupentity="organization" lookupentityname="gecdev" />
        <field name="statecode" value="0" />
        <field name="statuscode" value="1" />
        <field name="lulu_subtype" value="d9cc3e26-bad9-eb11-bacb-002248040074" lookupentity="lulu_case_types" lookupentityname="Delivered ecom order follow-up" />
      </record>
      <record id="e2b17ffb-72ea-eb11-bacb-000d3a5aa204">
        <field name="createdby" value="9236ce40-39d6-eb11-bacb-00224804c7ac" lookupentity="systemuser" lookupentityname="King Yeung" />
        <field name="createdon" value="2021-07-21T22:28:55.0000000Z" />
        <field name="lulu_followupreasonid" value="e2b17ffb-72ea-eb11-bacb-000d3a5aa204" />
        <field name="importsequencenumber" value="47" />
        <field name="modifiedby" value="84ba7f7f-a3d4-eb11-bacc-000d3a3b9da0" lookupentity="systemuser" lookupentityname="Anish Maurya" />
        <field name="modifiedon" value="2021-08-19T00:01:46.0000000Z" />
        <field name="lulu_name" value="Manual credit" />
        <field name="organizationid" value="2441e7e2-77e2-4b0a-98ee-42eb3aca494d" lookupentity="organization" lookupentityname="gecdev" />
        <field name="statecode" value="0" />
        <field name="statuscode" value="1" />
        <field name="lulu_subtype" value="83f29937-d8d9-eb11-bacb-002248040074" lookupentity="lulu_case_types" lookupentityname="Returns Follow Up" />
      </record>
      <record id="e4b17ffb-72ea-eb11-bacb-000d3a5aa204">
        <field name="createdby" value="9236ce40-39d6-eb11-bacb-00224804c7ac" lookupentity="systemuser" lookupentityname="King Yeung" />
        <field name="createdon" value="2021-07-21T22:28:55.0000000Z" />
        <field name="lulu_followupreasonid" value="e4b17ffb-72ea-eb11-bacb-000d3a5aa204" />
        <field name="importsequencenumber" value="47" />
        <field name="modifiedby" value="84ba7f7f-a3d4-eb11-bacc-000d3a3b9da0" lookupentity="systemuser" lookupentityname="Anish Maurya" />
        <field name="modifiedon" value="2021-08-19T00:01:44.0000000Z" />
        <field name="lulu_name" value="Return status update" />
        <field name="organizationid" value="2441e7e2-77e2-4b0a-98ee-42eb3aca494d" lookupentity="organization" lookupentityname="gecdev" />
        <field name="statecode" value="0" />
        <field name="statuscode" value="1" />
        <field name="lulu_subtype" value="83f29937-d8d9-eb11-bacb-002248040074" lookupentity="lulu_case_types" lookupentityname="Returns Follow Up" />
      </record>
      <record id="e6b17ffb-72ea-eb11-bacb-000d3a5aa204">
        <field name="createdby" value="9236ce40-39d6-eb11-bacb-00224804c7ac" lookupentity="systemuser" lookupentityname="King Yeung" />
        <field name="createdon" value="2021-07-21T22:28:55.0000000Z" />
        <field name="lulu_followupreasonid" value="e6b17ffb-72ea-eb11-bacb-000d3a5aa204" />
        <field name="importsequencenumber" value="47" />
        <field name="modifiedby" value="84ba7f7f-a3d4-eb11-bacc-000d3a3b9da0" lookupentity="systemuser" lookupentityname="Anish Maurya" />
        <field name="modifiedon" value="2021-08-19T00:01:46.0000000Z" />
        <field name="lulu_name" value="Incorrect amount refunded" />
        <field name="organizationid" value="2441e7e2-77e2-4b0a-98ee-42eb3aca494d" lookupentity="organization" lookupentityname="gecdev" />
        <field name="statecode" value="0" />
        <field name="statuscode" value="1" />
        <field name="lulu_subtype" value="83f29937-d8d9-eb11-bacb-002248040074" lookupentity="lulu_case_types" lookupentityname="Returns Follow Up" />
      </record>
      <record id="e8b17ffb-72ea-eb11-bacb-000d3a5aa204">
        <field name="createdby" value="9236ce40-39d6-eb11-bacb-00224804c7ac" lookupentity="systemuser" lookupentityname="King Yeung" />
        <field name="createdon" value="2021-07-21T22:28:55.0000000Z" />
        <field name="lulu_followupreasonid" value="e8b17ffb-72ea-eb11-bacb-000d3a5aa204" />
        <field name="importsequencenumber" value="47" />
        <field name="modifiedby" value="84ba7f7f-a3d4-eb11-bacc-000d3a3b9da0" lookupentity="systemuser" lookupentityname="Anish Maurya" />
        <field name="modifiedon" value="2021-08-19T00:01:47.0000000Z" />
        <field name="lulu_name" value="Refund did not flow through" />
        <field name="organizationid" value="2441e7e2-77e2-4b0a-98ee-42eb3aca494d" lookupentity="organization" lookupentityname="gecdev" />
        <field name="statecode" value="0" />
        <field name="statuscode" value="1" />
        <field name="lulu_subtype" value="83f29937-d8d9-eb11-bacb-002248040074" lookupentity="lulu_case_types" lookupentityname="Returns Follow Up" />
      </record>
      <record id="eab17ffb-72ea-eb11-bacb-000d3a5aa204">
        <field name="createdby" value="9236ce40-39d6-eb11-bacb-00224804c7ac" lookupentity="systemuser" lookupentityname="King Yeung" />
        <field name="createdon" value="2021-07-21T22:28:55.0000000Z" />
        <field name="lulu_followupreasonid" value="eab17ffb-72ea-eb11-bacb-000d3a5aa204" />
        <field name="importsequencenumber" value="47" />
        <field name="modifiedby" value="84ba7f7f-a3d4-eb11-bacc-000d3a3b9da0" lookupentity="systemuser" lookupentityname="Anish Maurya" />
        <field name="modifiedon" value="2021-08-19T00:01:45.0000000Z" />
        <field name="lulu_name" value="Return cancellation email confusion" />
        <field name="organizationid" value="2441e7e2-77e2-4b0a-98ee-42eb3aca494d" lookupentity="organization" lookupentityname="gecdev" />
        <field name="statecode" value="0" />
        <field name="statuscode" value="1" />
        <field name="lulu_subtype" value="83f29937-d8d9-eb11-bacb-002248040074" lookupentity="lulu_case_types" lookupentityname="Returns Follow Up" />
      </record>
      <record id="ecb17ffb-72ea-eb11-bacb-000d3a5aa204">
        <field name="createdby" value="9236ce40-39d6-eb11-bacb-00224804c7ac" lookupentity="systemuser" lookupentityname="King Yeung" />
        <field name="createdon" value="2021-07-21T22:28:55.0000000Z" />
        <field name="lulu_followupreasonid" value="ecb17ffb-72ea-eb11-bacb-000d3a5aa204" />
        <field name="importsequencenumber" value="47" />
        <field name="modifiedby" value="84ba7f7f-a3d4-eb11-bacc-000d3a3b9da0" lookupentity="systemuser" lookupentityname="Anish Maurya" />
        <field name="modifiedon" value="2021-08-19T00:01:43.0000000Z" />
        <field name="lulu_name" value="Return shipping label issue" />
        <field name="organizationid" value="2441e7e2-77e2-4b0a-98ee-42eb3aca494d" lookupentity="organization" lookupentityname="gecdev" />
        <field name="statecode" value="0" />
        <field name="statuscode" value="1" />
        <field name="lulu_subtype" value="83f29937-d8d9-eb11-bacb-002248040074" lookupentity="lulu_case_types" lookupentityname="Returns Follow Up" />
      </record>
      <record id="eeb17ffb-72ea-eb11-bacb-000d3a5aa204">
        <field name="createdby" value="9236ce40-39d6-eb11-bacb-00224804c7ac" lookupentity="systemuser" lookupentityname="King Yeung" />
        <field name="createdon" value="2021-07-21T22:28:55.0000000Z" />
        <field name="lulu_followupreasonid" value="eeb17ffb-72ea-eb11-bacb-000d3a5aa204" />
        <field name="importsequencenumber" value="47" />
        <field name="modifiedby" value="84ba7f7f-a3d4-eb11-bacc-000d3a3b9da0" lookupentity="systemuser" lookupentityname="Anish Maurya" />
        <field name="modifiedon" value="2021-08-19T00:01:45.0000000Z" />
        <field name="lulu_name" value="Return outside of time frame" />
        <field name="organizationid" value="2441e7e2-77e2-4b0a-98ee-42eb3aca494d" lookupentity="organization" lookupentityname="gecdev" />
        <field name="statecode" value="0" />
        <field name="statuscode" value="1" />
        <field name="lulu_subtype" value="83f29937-d8d9-eb11-bacb-002248040074" lookupentity="lulu_case_types" lookupentityname="Returns Follow Up" />
      </record>
      <record id="f0b17ffb-72ea-eb11-bacb-000d3a5aa204">
        <field name="createdby" value="9236ce40-39d6-eb11-bacb-00224804c7ac" lookupentity="systemuser" lookupentityname="King Yeung" />
        <field name="createdon" value="2021-07-21T22:28:55.0000000Z" />
        <field name="lulu_followupreasonid" value="f0b17ffb-72ea-eb11-bacb-000d3a5aa204" />
        <field name="importsequencenumber" value="47" />
        <field name="modifiedby" value="84ba7f7f-a3d4-eb11-bacc-000d3a3b9da0" lookupentity="systemuser" lookupentityname="Anish Maurya" />
        <field name="modifiedon" value="2021-08-19T00:01:48.0000000Z" />
        <field name="lulu_name" value="Call tag failure" />
        <field name="organizationid" value="2441e7e2-77e2-4b0a-98ee-42eb3aca494d" lookupentity="organization" lookupentityname="gecdev" />
        <field name="statecode" value="0" />
        <field name="statuscode" value="1" />
        <field name="lulu_subtype" value="83f29937-d8d9-eb11-bacb-002248040074" lookupentity="lulu_case_types" lookupentityname="Returns Follow Up" />
      </record>
      <record id="f8b17ffb-72ea-eb11-bacb-000d3a5aa204">
        <field name="createdby" value="9236ce40-39d6-eb11-bacb-00224804c7ac" lookupentity="systemuser" lookupentityname="King Yeung" />
        <field name="createdon" value="2021-07-21T22:28:55.0000000Z" />
        <field name="lulu_followupreasonid" value="f8b17ffb-72ea-eb11-bacb-000d3a5aa204" />
        <field name="importsequencenumber" value="47" />
        <field name="modifiedby" value="84ba7f7f-a3d4-eb11-bacc-000d3a3b9da0" lookupentity="systemuser" lookupentityname="Anish Maurya" />
        <field name="modifiedon" value="2021-08-19T00:01:47.0000000Z" />
        <field name="lulu_name" value="Pre-authorization inquiry" />
        <field name="organizationid" value="2441e7e2-77e2-4b0a-98ee-42eb3aca494d" lookupentity="organization" lookupentityname="gecdev" />
        <field name="statecode" value="0" />
        <field name="statuscode" value="1" />
        <field name="lulu_subtype" value="83f29937-d8d9-eb11-bacb-002248040074" lookupentity="lulu_case_types" lookupentityname="Returns Follow Up" />
      </record>
      <record id="fab17ffb-72ea-eb11-bacb-000d3a5aa204">
        <field name="createdby" value="9236ce40-39d6-eb11-bacb-00224804c7ac" lookupentity="systemuser" lookupentityname="King Yeung" />
        <field name="createdon" value="2021-07-21T22:28:55.0000000Z" />
        <field name="lulu_followupreasonid" value="fab17ffb-72ea-eb11-bacb-000d3a5aa204" />
        <field name="importsequencenumber" value="47" />
        <field name="modifiedby" value="84ba7f7f-a3d4-eb11-bacc-000d3a3b9da0" lookupentity="systemuser" lookupentityname="Anish Maurya" />
        <field name="modifiedon" value="2021-08-19T00:01:44.0000000Z" />
        <field name="lulu_name" value="Split shipment inquiry" />
        <field name="organizationid" value="2441e7e2-77e2-4b0a-98ee-42eb3aca494d" lookupentity="organization" lookupentityname="gecdev" />
        <field name="statecode" value="0" />
        <field name="statuscode" value="1" />
        <field name="lulu_subtype" value="83f29937-d8d9-eb11-bacb-002248040074" lookupentity="lulu_case_types" lookupentityname="Returns Follow Up" />
      </record>
      <record id="feb17ffb-72ea-eb11-bacb-000d3a5aa204">
        <field name="createdby" value="9236ce40-39d6-eb11-bacb-00224804c7ac" lookupentity="systemuser" lookupentityname="King Yeung" />
        <field name="createdon" value="2021-07-21T22:28:55.0000000Z" />
        <field name="lulu_followupreasonid" value="feb17ffb-72ea-eb11-bacb-000d3a5aa204" />
        <field name="importsequencenumber" value="47" />
        <field name="modifiedby" value="84ba7f7f-a3d4-eb11-bacc-000d3a3b9da0" lookupentity="systemuser" lookupentityname="Anish Maurya" />
        <field name="modifiedon" value="2021-08-19T00:01:47.0000000Z" />
        <field name="lulu_name" value="Tracking update" />
        <field name="organizationid" value="2441e7e2-77e2-4b0a-98ee-42eb3aca494d" lookupentity="organization" lookupentityname="gecdev" />
        <field name="statecode" value="0" />
        <field name="statuscode" value="1" />
        <field name="lulu_subtype" value="83f29937-d8d9-eb11-bacb-002248040074" lookupentity="lulu_case_types" lookupentityname="Returns Follow Up" />
      </record>
      <record id="23106d81-09eb-eb11-bacb-000d3a5aa204">
        <field name="createdby" value="9236ce40-39d6-eb11-bacb-00224804c7ac" lookupentity="systemuser" lookupentityname="King Yeung" />
        <field name="createdon" value="2021-07-22T16:26:20.0000000Z" />
        <field name="lulu_followupreasonid" value="23106d81-09eb-eb11-bacb-000d3a5aa204" />
        <field name="importsequencenumber" value="50" />
        <field name="modifiedby" value="84ba7f7f-a3d4-eb11-bacc-000d3a3b9da0" lookupentity="systemuser" lookupentityname="Anish Maurya" />
        <field name="modifiedon" value="2021-08-19T00:01:46.0000000Z" />
        <field name="lulu_name" value="PMA" />
        <field name="organizationid" value="2441e7e2-77e2-4b0a-98ee-42eb3aca494d" lookupentity="organization" lookupentityname="gecdev" />
        <field name="statecode" value="0" />
        <field name="statuscode" value="1" />
        <field name="lulu_subtype" value="2bb42ee5-b9d9-eb11-bacb-002248040074" lookupentity="lulu_case_types" lookupentityname="Ecom order follow-up" />
      </record>
      <record id="25106d81-09eb-eb11-bacb-000d3a5aa204">
        <field name="createdby" value="9236ce40-39d6-eb11-bacb-00224804c7ac" lookupentity="systemuser" lookupentityname="King Yeung" />
        <field name="createdon" value="2021-07-22T16:26:20.0000000Z" />
        <field name="lulu_followupreasonid" value="25106d81-09eb-eb11-bacb-000d3a5aa204" />
        <field name="importsequencenumber" value="50" />
        <field name="modifiedby" value="84ba7f7f-a3d4-eb11-bacc-000d3a3b9da0" lookupentity="systemuser" lookupentityname="Anish Maurya" />
        <field name="modifiedon" value="2021-08-19T00:01:49.0000000Z" />
        <field name="lulu_name" value="Gift card related issue" />
        <field name="organizationid" value="2441e7e2-77e2-4b0a-98ee-42eb3aca494d" lookupentity="organization" lookupentityname="gecdev" />
        <field name="statecode" value="0" />
        <field name="statuscode" value="1" />
        <field name="lulu_subtype" value="2bb42ee5-b9d9-eb11-bacb-002248040074" lookupentity="lulu_case_types" lookupentityname="Ecom order follow-up" />
      </record>
      <record id="27106d81-09eb-eb11-bacb-000d3a5aa204">
        <field name="createdby" value="9236ce40-39d6-eb11-bacb-00224804c7ac" lookupentity="systemuser" lookupentityname="King Yeung" />
        <field name="createdon" value="2021-07-22T16:26:20.0000000Z" />
        <field name="lulu_followupreasonid" value="27106d81-09eb-eb11-bacb-000d3a5aa204" />
        <field name="importsequencenumber" value="50" />
        <field name="modifiedby" value="84ba7f7f-a3d4-eb11-bacc-000d3a3b9da0" lookupentity="systemuser" lookupentityname="Anish Maurya" />
        <field name="modifiedon" value="2021-08-19T00:01:48.0000000Z" />
        <field name="lulu_name" value="Confirmation issue" />
        <field name="organizationid" value="2441e7e2-77e2-4b0a-98ee-42eb3aca494d" lookupentity="organization" lookupentityname="gecdev" />
        <field name="statecode" value="0" />
        <field name="statuscode" value="1" />
        <field name="lulu_subtype" value="2bb42ee5-b9d9-eb11-bacb-002248040074" lookupentity="lulu_case_types" lookupentityname="Ecom order follow-up" />
      </record>
      <record id="29106d81-09eb-eb11-bacb-000d3a5aa204">
        <field name="createdby" value="9236ce40-39d6-eb11-bacb-00224804c7ac" lookupentity="systemuser" lookupentityname="King Yeung" />
        <field name="createdon" value="2021-07-22T16:26:20.0000000Z" />
        <field name="lulu_followupreasonid" value="29106d81-09eb-eb11-bacb-000d3a5aa204" />
        <field name="importsequencenumber" value="50" />
        <field name="modifiedby" value="84ba7f7f-a3d4-eb11-bacc-000d3a3b9da0" lookupentity="systemuser" lookupentityname="Anish Maurya" />
        <field name="modifiedon" value="2021-08-19T00:01:53.0000000Z" />
        <field name="lulu_name" value="Cancelled order inquiry" />
        <field name="organizationid" value="2441e7e2-77e2-4b0a-98ee-42eb3aca494d" lookupentity="organization" lookupentityname="gecdev" />
        <field name="statecode" value="0" />
        <field name="statuscode" value="1" />
        <field name="lulu_subtype" value="2bb42ee5-b9d9-eb11-bacb-002248040074" lookupentity="lulu_case_types" lookupentityname="Ecom order follow-up" />
      </record>
      <record id="2b106d81-09eb-eb11-bacb-000d3a5aa204">
        <field name="createdby" value="9236ce40-39d6-eb11-bacb-00224804c7ac" lookupentity="systemuser" lookupentityname="King Yeung" />
        <field name="createdon" value="2021-07-22T16:26:20.0000000Z" />
        <field name="lulu_followupreasonid" value="2b106d81-09eb-eb11-bacb-000d3a5aa204" />
        <field name="importsequencenumber" value="50" />
        <field name="modifiedby" value="84ba7f7f-a3d4-eb11-bacc-000d3a3b9da0" lookupentity="systemuser" lookupentityname="Anish Maurya" />
        <field name="modifiedon" value="2021-08-19T00:01:46.0000000Z" />
        <field name="lulu_name" value="Order history inquiry" />
        <field name="organizationid" value="2441e7e2-77e2-4b0a-98ee-42eb3aca494d" lookupentity="organization" lookupentityname="gecdev" />
        <field name="statecode" value="0" />
        <field name="statuscode" value="1" />
        <field name="lulu_subtype" value="2bb42ee5-b9d9-eb11-bacb-002248040074" lookupentity="lulu_case_types" lookupentityname="Ecom order follow-up" />
      </record>
      <record id="2d106d81-09eb-eb11-bacb-000d3a5aa204">
        <field name="createdby" value="9236ce40-39d6-eb11-bacb-00224804c7ac" lookupentity="systemuser" lookupentityname="King Yeung" />
        <field name="createdon" value="2021-07-22T16:26:20.0000000Z" />
        <field name="lulu_followupreasonid" value="2d106d81-09eb-eb11-bacb-000d3a5aa204" />
        <field name="importsequencenumber" value="50" />
        <field name="modifiedby" value="84ba7f7f-a3d4-eb11-bacc-000d3a3b9da0" lookupentity="systemuser" lookupentityname="Anish Maurya" />
        <field name="modifiedon" value="2021-08-19T00:01:49.0000000Z" />
        <field name="lulu_name" value="Pre-authorization inquiry" />
        <field name="organizationid" value="2441e7e2-77e2-4b0a-98ee-42eb3aca494d" lookupentity="organization" lookupentityname="gecdev" />
        <field name="statecode" value="0" />
        <field name="statuscode" value="1" />
        <field name="lulu_subtype" value="2bb42ee5-b9d9-eb11-bacb-002248040074" lookupentity="lulu_case_types" lookupentityname="Ecom order follow-up" />
      </record>
      <record id="2f106d81-09eb-eb11-bacb-000d3a5aa204">
        <field name="createdby" value="9236ce40-39d6-eb11-bacb-00224804c7ac" lookupentity="systemuser" lookupentityname="King Yeung" />
        <field name="createdon" value="2021-07-22T16:26:20.0000000Z" />
        <field name="lulu_followupreasonid" value="2f106d81-09eb-eb11-bacb-000d3a5aa204" />
        <field name="importsequencenumber" value="50" />
        <field name="modifiedby" value="84ba7f7f-a3d4-eb11-bacc-000d3a3b9da0" lookupentity="systemuser" lookupentityname="Anish Maurya" />
        <field name="modifiedon" value="2021-08-19T00:01:48.0000000Z" />
        <field name="lulu_name" value="Split shipment inquiry" />
        <field name="organizationid" value="2441e7e2-77e2-4b0a-98ee-42eb3aca494d" lookupentity="organization" lookupentityname="gecdev" />
        <field name="statecode" value="0" />
        <field name="statuscode" value="1" />
        <field name="lulu_subtype" value="2bb42ee5-b9d9-eb11-bacb-002248040074" lookupentity="lulu_case_types" lookupentityname="Ecom order follow-up" />
      </record>
      <record id="31106d81-09eb-eb11-bacb-000d3a5aa204">
        <field name="createdby" value="9236ce40-39d6-eb11-bacb-00224804c7ac" lookupentity="systemuser" lookupentityname="King Yeung" />
        <field name="createdon" value="2021-07-22T16:26:20.0000000Z" />
        <field name="lulu_followupreasonid" value="31106d81-09eb-eb11-bacb-000d3a5aa204" />
        <field name="importsequencenumber" value="50" />
        <field name="modifiedby" value="84ba7f7f-a3d4-eb11-bacc-000d3a3b9da0" lookupentity="systemuser" lookupentityname="Anish Maurya" />
        <field name="modifiedon" value="2021-08-19T00:01:52.0000000Z" />
        <field name="lulu_name" value="Other" />
        <field name="organizationid" value="2441e7e2-77e2-4b0a-98ee-42eb3aca494d" lookupentity="organization" lookupentityname="gecdev" />
        <field name="statecode" value="0" />
        <field name="statuscode" value="1" />
        <field name="lulu_subtype" value="2bb42ee5-b9d9-eb11-bacb-002248040074" lookupentity="lulu_case_types" lookupentityname="Ecom order follow-up" />
      </record>
      <record id="33106d81-09eb-eb11-bacb-000d3a5aa204">
        <field name="createdby" value="9236ce40-39d6-eb11-bacb-00224804c7ac" lookupentity="systemuser" lookupentityname="King Yeung" />
        <field name="createdon" value="2021-07-22T16:26:21.0000000Z" />
        <field name="lulu_followupreasonid" value="33106d81-09eb-eb11-bacb-000d3a5aa204" />
        <field name="importsequencenumber" value="50" />
        <field name="modifiedby" value="84ba7f7f-a3d4-eb11-bacc-000d3a3b9da0" lookupentity="systemuser" lookupentityname="Anish Maurya" />
        <field name="modifiedon" value="2021-08-19T00:01:45.0000000Z" />
        <field name="lulu_name" value="Tracking update" />
        <field name="organizationid" value="2441e7e2-77e2-4b0a-98ee-42eb3aca494d" lookupentity="organization" lookupentityname="gecdev" />
        <field name="statecode" value="0" />
        <field name="statuscode" value="1" />
        <field name="lulu_subtype" value="2bb42ee5-b9d9-eb11-bacb-002248040074" lookupentity="lulu_case_types" lookupentityname="Ecom order follow-up" />
      </record>
      <record id="37106d81-09eb-eb11-bacb-000d3a5aa204">
        <field name="createdby" value="9236ce40-39d6-eb11-bacb-00224804c7ac" lookupentity="systemuser" lookupentityname="King Yeung" />
        <field name="createdon" value="2021-07-22T16:26:21.0000000Z" />
        <field name="lulu_followupreasonid" value="37106d81-09eb-eb11-bacb-000d3a5aa204" />
        <field name="importsequencenumber" value="50" />
        <field name="modifiedby" value="84ba7f7f-a3d4-eb11-bacc-000d3a3b9da0" lookupentity="systemuser" lookupentityname="Anish Maurya" />
        <field name="modifiedon" value="2021-08-19T00:01:47.0000000Z" />
        <field name="lulu_name" value="Edit/cancel order" />
        <field name="organizationid" value="2441e7e2-77e2-4b0a-98ee-42eb3aca494d" lookupentity="organization" lookupentityname="gecdev" />
        <field name="statecode" value="0" />
        <field name="statuscode" value="1" />
        <field name="lulu_subtype" value="2bb42ee5-b9d9-eb11-bacb-002248040074" lookupentity="lulu_case_types" lookupentityname="Ecom order follow-up" />
      </record>
      <record id="8a1b0799-1deb-eb11-bacb-000d3a5aa204">
        <field name="createdby" value="9236ce40-39d6-eb11-bacb-00224804c7ac" lookupentity="systemuser" lookupentityname="King Yeung" />
        <field name="createdon" value="2021-07-22T18:50:03.0000000Z" />
        <field name="lulu_followupreasonid" value="8a1b0799-1deb-eb11-bacb-000d3a5aa204" />
        <field name="importsequencenumber" value="54" />
        <field name="modifiedby" value="84ba7f7f-a3d4-eb11-bacc-000d3a3b9da0" lookupentity="systemuser" lookupentityname="Anish Maurya" />
        <field name="modifiedon" value="2021-08-19T00:01:50.0000000Z" />
        <field name="lulu_name" value="Billing or payment issue" />
        <field name="organizationid" value="2441e7e2-77e2-4b0a-98ee-42eb3aca494d" lookupentity="organization" lookupentityname="gecdev" />
        <field name="statecode" value="0" />
        <field name="statuscode" value="1" />
        <field name="lulu_subtype" value="60fc956c-1deb-eb11-bacb-000d3a5aa44d" lookupentity="lulu_case_types" lookupentityname="Store pick-up order follow-up" />
      </record>
      <record id="8c1b0799-1deb-eb11-bacb-000d3a5aa204">
        <field name="createdby" value="9236ce40-39d6-eb11-bacb-00224804c7ac" lookupentity="systemuser" lookupentityname="King Yeung" />
        <field name="createdon" value="2021-07-22T18:50:03.0000000Z" />
        <field name="lulu_followupreasonid" value="8c1b0799-1deb-eb11-bacb-000d3a5aa204" />
        <field name="importsequencenumber" value="54" />
        <field name="modifiedby" value="84ba7f7f-a3d4-eb11-bacc-000d3a3b9da0" lookupentity="systemuser" lookupentityname="Anish Maurya" />
        <field name="modifiedon" value="2021-08-19T00:01:49.0000000Z" />
        <field name="lulu_name" value="Cancelled order inquiry" />
        <field name="organizationid" value="2441e7e2-77e2-4b0a-98ee-42eb3aca494d" lookupentity="organization" lookupentityname="gecdev" />
        <field name="statecode" value="0" />
        <field name="statuscode" value="1" />
        <field name="lulu_subtype" value="60fc956c-1deb-eb11-bacb-000d3a5aa44d" lookupentity="lulu_case_types" lookupentityname="Store pick-up order follow-up" />
      </record>
      <record id="8e1b0799-1deb-eb11-bacb-000d3a5aa204">
        <field name="createdby" value="9236ce40-39d6-eb11-bacb-00224804c7ac" lookupentity="systemuser" lookupentityname="King Yeung" />
        <field name="createdon" value="2021-07-22T18:50:03.0000000Z" />
        <field name="lulu_followupreasonid" value="8e1b0799-1deb-eb11-bacb-000d3a5aa204" />
        <field name="importsequencenumber" value="54" />
        <field name="modifiedby" value="84ba7f7f-a3d4-eb11-bacc-000d3a3b9da0" lookupentity="systemuser" lookupentityname="Anish Maurya" />
        <field name="modifiedon" value="2021-08-19T00:01:50.0000000Z" />
        <field name="lulu_name" value="Order status update" />
        <field name="organizationid" value="2441e7e2-77e2-4b0a-98ee-42eb3aca494d" lookupentity="organization" lookupentityname="gecdev" />
        <field name="statecode" value="0" />
        <field name="statuscode" value="1" />
        <field name="lulu_subtype" value="60fc956c-1deb-eb11-bacb-000d3a5aa44d" lookupentity="lulu_case_types" lookupentityname="Store pick-up order follow-up" />
      </record>
      <record id="901b0799-1deb-eb11-bacb-000d3a5aa204">
        <field name="createdby" value="9236ce40-39d6-eb11-bacb-00224804c7ac" lookupentity="systemuser" lookupentityname="King Yeung" />
        <field name="createdon" value="2021-07-22T18:50:03.0000000Z" />
        <field name="lulu_followupreasonid" value="901b0799-1deb-eb11-bacb-000d3a5aa204" />
        <field name="importsequencenumber" value="54" />
        <field name="modifiedby" value="84ba7f7f-a3d4-eb11-bacc-000d3a3b9da0" lookupentity="systemuser" lookupentityname="Anish Maurya" />
        <field name="modifiedon" value="2021-08-19T00:01:51.0000000Z" />
        <field name="lulu_name" value="Did not receive pickup email" />
        <field name="organizationid" value="2441e7e2-77e2-4b0a-98ee-42eb3aca494d" lookupentity="organization" lookupentityname="gecdev" />
        <field name="statecode" value="0" />
        <field name="statuscode" value="1" />
        <field name="lulu_subtype" value="60fc956c-1deb-eb11-bacb-000d3a5aa44d" lookupentity="lulu_case_types" lookupentityname="Store pick-up order follow-up" />
      </record>
      <record id="921b0799-1deb-eb11-bacb-000d3a5aa204">
        <field name="createdby" value="9236ce40-39d6-eb11-bacb-00224804c7ac" lookupentity="systemuser" lookupentityname="King Yeung" />
        <field name="createdon" value="2021-07-22T18:50:03.0000000Z" />
        <field name="lulu_followupreasonid" value="921b0799-1deb-eb11-bacb-000d3a5aa204" />
        <field name="importsequencenumber" value="54" />
        <field name="modifiedby" value="84ba7f7f-a3d4-eb11-bacc-000d3a3b9da0" lookupentity="systemuser" lookupentityname="Anish Maurya" />
        <field name="modifiedon" value="2021-08-19T00:01:53.0000000Z" />
        <field name="lulu_name" value="Feedback on experience" />
        <field name="organizationid" value="2441e7e2-77e2-4b0a-98ee-42eb3aca494d" lookupentity="organization" lookupentityname="gecdev" />
        <field name="statecode" value="0" />
        <field name="statuscode" value="1" />
        <field name="lulu_subtype" value="60fc956c-1deb-eb11-bacb-000d3a5aa44d" lookupentity="lulu_case_types" lookupentityname="Store pick-up order follow-up" />
      </record>
      <record id="941b0799-1deb-eb11-bacb-000d3a5aa204">
        <field name="createdby" value="9236ce40-39d6-eb11-bacb-00224804c7ac" lookupentity="systemuser" lookupentityname="King Yeung" />
        <field name="createdon" value="2021-07-22T18:50:03.0000000Z" />
        <field name="lulu_followupreasonid" value="941b0799-1deb-eb11-bacb-000d3a5aa204" />
        <field name="importsequencenumber" value="54" />
        <field name="modifiedby" value="84ba7f7f-a3d4-eb11-bacc-000d3a3b9da0" lookupentity="systemuser" lookupentityname="Anish Maurya" />
        <field name="modifiedon" value="2021-08-19T00:01:50.0000000Z" />
        <field name="lulu_name" value="Cancel pickup order" />
        <field name="organizationid" value="2441e7e2-77e2-4b0a-98ee-42eb3aca494d" lookupentity="organization" lookupentityname="gecdev" />
        <field name="statecode" value="0" />
        <field name="statuscode" value="1" />
        <field name="lulu_subtype" value="60fc956c-1deb-eb11-bacb-000d3a5aa44d" lookupentity="lulu_case_types" lookupentityname="Store pick-up order follow-up" />
      </record>
      <record id="961b0799-1deb-eb11-bacb-000d3a5aa204">
        <field name="createdby" value="9236ce40-39d6-eb11-bacb-00224804c7ac" lookupentity="systemuser" lookupentityname="King Yeung" />
        <field name="createdon" value="2021-07-22T18:50:03.0000000Z" />
        <field name="lulu_followupreasonid" value="961b0799-1deb-eb11-bacb-000d3a5aa204" />
        <field name="importsequencenumber" value="54" />
        <field name="modifiedby" value="84ba7f7f-a3d4-eb11-bacc-000d3a3b9da0" lookupentity="systemuser" lookupentityname="Anish Maurya" />
        <field name="modifiedon" value="2021-08-19T00:01:51.0000000Z" />
        <field name="lulu_name" value="Change pickup location" />
        <field name="organizationid" value="2441e7e2-77e2-4b0a-98ee-42eb3aca494d" lookupentity="organization" lookupentityname="gecdev" />
        <field name="statecode" value="0" />
        <field name="statuscode" value="1" />
        <field name="lulu_subtype" value="60fc956c-1deb-eb11-bacb-000d3a5aa44d" lookupentity="lulu_case_types" lookupentityname="Store pick-up order follow-up" />
      </record>
      <record id="981b0799-1deb-eb11-bacb-000d3a5aa204">
        <field name="createdby" value="9236ce40-39d6-eb11-bacb-00224804c7ac" lookupentity="systemuser" lookupentityname="King Yeung" />
        <field name="createdon" value="2021-07-22T18:50:03.0000000Z" />
        <field name="lulu_followupreasonid" value="981b0799-1deb-eb11-bacb-000d3a5aa204" />
        <field name="importsequencenumber" value="54" />
        <field name="modifiedby" value="84ba7f7f-a3d4-eb11-bacc-000d3a3b9da0" lookupentity="systemuser" lookupentityname="Anish Maurya" />
        <field name="modifiedon" value="2021-08-19T00:01:51.0000000Z" />
        <field name="lulu_name" value="Alternate pickup person" />
        <field name="organizationid" value="2441e7e2-77e2-4b0a-98ee-42eb3aca494d" lookupentity="organization" lookupentityname="gecdev" />
        <field name="statecode" value="0" />
        <field name="statuscode" value="1" />
        <field name="lulu_subtype" value="60fc956c-1deb-eb11-bacb-000d3a5aa44d" lookupentity="lulu_case_types" lookupentityname="Store pick-up order follow-up" />
      </record>
      <record id="9a1b0799-1deb-eb11-bacb-000d3a5aa204">
        <field name="createdby" value="9236ce40-39d6-eb11-bacb-00224804c7ac" lookupentity="systemuser" lookupentityname="King Yeung" />
        <field name="createdon" value="2021-07-22T18:50:03.0000000Z" />
        <field name="lulu_followupreasonid" value="9a1b0799-1deb-eb11-bacb-000d3a5aa204" />
        <field name="importsequencenumber" value="54" />
        <field name="modifiedby" value="84ba7f7f-a3d4-eb11-bacc-000d3a3b9da0" lookupentity="systemuser" lookupentityname="Anish Maurya" />
        <field name="modifiedon" value="2021-08-19T00:01:53.0000000Z" />
        <field name="lulu_name" value="Extend pickup time" />
        <field name="organizationid" value="2441e7e2-77e2-4b0a-98ee-42eb3aca494d" lookupentity="organization" lookupentityname="gecdev" />
        <field name="statecode" value="0" />
        <field name="statuscode" value="1" />
        <field name="lulu_subtype" value="60fc956c-1deb-eb11-bacb-000d3a5aa44d" lookupentity="lulu_case_types" lookupentityname="Store pick-up order follow-up" />
      </record>
      <record id="9c1b0799-1deb-eb11-bacb-000d3a5aa204">
        <field name="createdby" value="9236ce40-39d6-eb11-bacb-00224804c7ac" lookupentity="systemuser" lookupentityname="King Yeung" />
        <field name="createdon" value="2021-07-22T18:50:03.0000000Z" />
        <field name="lulu_followupreasonid" value="9c1b0799-1deb-eb11-bacb-000d3a5aa204" />
        <field name="importsequencenumber" value="54" />
        <field name="modifiedby" value="84ba7f7f-a3d4-eb11-bacc-000d3a3b9da0" lookupentity="systemuser" lookupentityname="Anish Maurya" />
        <field name="modifiedon" value="2021-08-19T00:01:50.0000000Z" />
        <field name="lulu_name" value="Store unavailable" />
        <field name="organizationid" value="2441e7e2-77e2-4b0a-98ee-42eb3aca494d" lookupentity="organization" lookupentityname="gecdev" />
        <field name="statecode" value="0" />
        <field name="statuscode" value="1" />
        <field name="lulu_subtype" value="60fc956c-1deb-eb11-bacb-000d3a5aa44d" lookupentity="lulu_case_types" lookupentityname="Store pick-up order follow-up" />
      </record>
      <record id="9e1b0799-1deb-eb11-bacb-000d3a5aa204">
        <field name="createdby" value="9236ce40-39d6-eb11-bacb-00224804c7ac" lookupentity="systemuser" lookupentityname="King Yeung" />
        <field name="createdon" value="2021-07-22T18:50:03.0000000Z" />
        <field name="lulu_followupreasonid" value="9e1b0799-1deb-eb11-bacb-000d3a5aa204" />
        <field name="importsequencenumber" value="54" />
        <field name="modifiedby" value="84ba7f7f-a3d4-eb11-bacc-000d3a3b9da0" lookupentity="systemuser" lookupentityname="Anish Maurya" />
        <field name="modifiedon" value="2021-08-19T00:01:51.0000000Z" />
        <field name="lulu_name" value="Other" />
        <field name="organizationid" value="2441e7e2-77e2-4b0a-98ee-42eb3aca494d" lookupentity="organization" lookupentityname="gecdev" />
        <field name="statecode" value="0" />
        <field name="statuscode" value="1" />
        <field name="lulu_subtype" value="60fc956c-1deb-eb11-bacb-000d3a5aa44d" lookupentity="lulu_case_types" lookupentityname="Store pick-up order follow-up" />
      </record>
      <record id="a01b0799-1deb-eb11-bacb-000d3a5aa204">
        <field name="createdby" value="9236ce40-39d6-eb11-bacb-00224804c7ac" lookupentity="systemuser" lookupentityname="King Yeung" />
        <field name="createdon" value="2021-07-22T18:50:03.0000000Z" />
        <field name="lulu_followupreasonid" value="a01b0799-1deb-eb11-bacb-000d3a5aa204" />
        <field name="importsequencenumber" value="54" />
        <field name="modifiedby" value="84ba7f7f-a3d4-eb11-bacc-000d3a3b9da0" lookupentity="systemuser" lookupentityname="Anish Maurya" />
        <field name="modifiedon" value="2021-08-19T00:01:52.0000000Z" />
        <field name="lulu_name" value="Security tag" />
        <field name="organizationid" value="2441e7e2-77e2-4b0a-98ee-42eb3aca494d" lookupentity="organization" lookupentityname="gecdev" />
        <field name="statecode" value="0" />
        <field name="statuscode" value="1" />
        <field name="lulu_subtype" value="60fc956c-1deb-eb11-bacb-000d3a5aa44d" lookupentity="lulu_case_types" lookupentityname="Store pick-up order follow-up" />
      </record>
      <record id="96994276-41eb-eb11-bacb-000d3a5aa44d">
        <field name="createdby" value="ed1e6f9b-b3b8-eb11-8236-000d3a595dd5" lookupentity="systemuser" lookupentityname="Sergio Hernandez" />
        <field name="createdon" value="2021-07-22T23:06:46.0000000Z" />
        <field name="lulu_followupreasonid" value="96994276-41eb-eb11-bacb-000d3a5aa44d" />
        <field name="modifiedby" value="84ba7f7f-a3d4-eb11-bacc-000d3a3b9da0" lookupentity="systemuser" lookupentityname="Anish Maurya" />
        <field name="modifiedon" value="2021-08-19T00:01:53.0000000Z" />
        <field name="lulu_name" value="Address Update" />
        <field name="organizationid" value="2441e7e2-77e2-4b0a-98ee-42eb3aca494d" lookupentity="organization" lookupentityname="gecdev" />
        <field name="statecode" value="0" />
        <field name="statuscode" value="1" />
        <field name="lulu_subtype" value="2bb42ee5-b9d9-eb11-bacb-002248040074" lookupentity="lulu_case_types" lookupentityname="Ecom order follow-up" />
      </record>
      <record id="507609fa-0feb-eb11-bacb-000d3a5aaf20">
        <field name="createdby" value="9236ce40-39d6-eb11-bacb-00224804c7ac" lookupentity="systemuser" lookupentityname="King Yeung" />
        <field name="createdon" value="2021-07-22T17:12:33.0000000Z" />
        <field name="lulu_followupreasonid" value="507609fa-0feb-eb11-bacb-000d3a5aaf20" />
        <field name="importsequencenumber" value="52" />
        <field name="modifiedby" value="84ba7f7f-a3d4-eb11-bacc-000d3a3b9da0" lookupentity="systemuser" lookupentityname="Anish Maurya" />
        <field name="modifiedon" value="2021-08-19T00:01:49.0000000Z" />
        <field name="lulu_name" value="Manual credit" />
        <field name="organizationid" value="2441e7e2-77e2-4b0a-98ee-42eb3aca494d" lookupentity="organization" lookupentityname="gecdev" />
        <field name="statecode" value="0" />
        <field name="statuscode" value="1" />
        <field name="lulu_subtype" value="11f8ea66-60d0-eb11-8235-000d3a3abd9e" lookupentity="lulu_case_types" lookupentityname="Product not Performing Return" />
      </record>
      <record id="527609fa-0feb-eb11-bacb-000d3a5aaf20">
        <field name="createdby" value="9236ce40-39d6-eb11-bacb-00224804c7ac" lookupentity="systemuser" lookupentityname="King Yeung" />
        <field name="createdon" value="2021-07-22T17:12:33.0000000Z" />
        <field name="lulu_followupreasonid" value="527609fa-0feb-eb11-bacb-000d3a5aaf20" />
        <field name="importsequencenumber" value="52" />
        <field name="modifiedby" value="84ba7f7f-a3d4-eb11-bacc-000d3a3b9da0" lookupentity="systemuser" lookupentityname="Anish Maurya" />
        <field name="modifiedon" value="2021-08-19T00:01:50.0000000Z" />
        <field name="lulu_name" value="Return status update" />
        <field name="organizationid" value="2441e7e2-77e2-4b0a-98ee-42eb3aca494d" lookupentity="organization" lookupentityname="gecdev" />
        <field name="statecode" value="0" />
        <field name="statuscode" value="1" />
        <field name="lulu_subtype" value="11f8ea66-60d0-eb11-8235-000d3a3abd9e" lookupentity="lulu_case_types" lookupentityname="Product not Performing Return" />
      </record>
      <record id="547609fa-0feb-eb11-bacb-000d3a5aaf20">
        <field name="createdby" value="9236ce40-39d6-eb11-bacb-00224804c7ac" lookupentity="systemuser" lookupentityname="King Yeung" />
        <field name="createdon" value="2021-07-22T17:12:33.0000000Z" />
        <field name="lulu_followupreasonid" value="547609fa-0feb-eb11-bacb-000d3a5aaf20" />
        <field name="importsequencenumber" value="52" />
        <field name="modifiedby" value="84ba7f7f-a3d4-eb11-bacc-000d3a3b9da0" lookupentity="systemuser" lookupentityname="Anish Maurya" />
        <field name="modifiedon" value="2021-08-19T00:01:51.0000000Z" />
        <field name="lulu_name" value="Incorrect amount refunded" />
        <field name="organizationid" value="2441e7e2-77e2-4b0a-98ee-42eb3aca494d" lookupentity="organization" lookupentityname="gecdev" />
        <field name="statecode" value="0" />
        <field name="statuscode" value="1" />
        <field name="lulu_subtype" value="11f8ea66-60d0-eb11-8235-000d3a3abd9e" lookupentity="lulu_case_types" lookupentityname="Product not Performing Return" />
      </record>
      <record id="567609fa-0feb-eb11-bacb-000d3a5aaf20">
        <field name="createdby" value="9236ce40-39d6-eb11-bacb-00224804c7ac" lookupentity="systemuser" lookupentityname="King Yeung" />
        <field name="createdon" value="2021-07-22T17:12:33.0000000Z" />
        <field name="lulu_followupreasonid" value="567609fa-0feb-eb11-bacb-000d3a5aaf20" />
        <field name="importsequencenumber" value="52" />
        <field name="modifiedby" value="84ba7f7f-a3d4-eb11-bacc-000d3a3b9da0" lookupentity="systemuser" lookupentityname="Anish Maurya" />
        <field name="modifiedon" value="2021-08-19T00:01:52.0000000Z" />
        <field name="lulu_name" value="Refund did not flow through" />
        <field name="organizationid" value="2441e7e2-77e2-4b0a-98ee-42eb3aca494d" lookupentity="organization" lookupentityname="gecdev" />
        <field name="statecode" value="0" />
        <field name="statuscode" value="1" />
        <field name="lulu_subtype" value="11f8ea66-60d0-eb11-8235-000d3a3abd9e" lookupentity="lulu_case_types" lookupentityname="Product not Performing Return" />
      </record>
      <record id="587609fa-0feb-eb11-bacb-000d3a5aaf20">
        <field name="createdby" value="9236ce40-39d6-eb11-bacb-00224804c7ac" lookupentity="systemuser" lookupentityname="King Yeung" />
        <field name="createdon" value="2021-07-22T17:12:33.0000000Z" />
        <field name="lulu_followupreasonid" value="587609fa-0feb-eb11-bacb-000d3a5aaf20" />
        <field name="importsequencenumber" value="52" />
        <field name="modifiedby" value="84ba7f7f-a3d4-eb11-bacc-000d3a3b9da0" lookupentity="systemuser" lookupentityname="Anish Maurya" />
        <field name="modifiedon" value="2021-08-19T00:01:52.0000000Z" />
        <field name="lulu_name" value="Return cancellation email confusion" />
        <field name="organizationid" value="2441e7e2-77e2-4b0a-98ee-42eb3aca494d" lookupentity="organization" lookupentityname="gecdev" />
        <field name="statecode" value="0" />
        <field name="statuscode" value="1" />
        <field name="lulu_subtype" value="11f8ea66-60d0-eb11-8235-000d3a3abd9e" lookupentity="lulu_case_types" lookupentityname="Product not Performing Return" />
      </record>
      <record id="5a7609fa-0feb-eb11-bacb-000d3a5aaf20">
        <field name="createdby" value="9236ce40-39d6-eb11-bacb-00224804c7ac" lookupentity="systemuser" lookupentityname="King Yeung" />
        <field name="createdon" value="2021-07-22T17:12:33.0000000Z" />
        <field name="lulu_followupreasonid" value="5a7609fa-0feb-eb11-bacb-000d3a5aaf20" />
        <field name="importsequencenumber" value="52" />
        <field name="modifiedby" value="84ba7f7f-a3d4-eb11-bacc-000d3a3b9da0" lookupentity="systemuser" lookupentityname="Anish Maurya" />
        <field name="modifiedon" value="2021-08-19T00:01:52.0000000Z" />
        <field name="lulu_name" value="Return shipping label issue" />
        <field name="organizationid" value="2441e7e2-77e2-4b0a-98ee-42eb3aca494d" lookupentity="organization" lookupentityname="gecdev" />
        <field name="statecode" value="0" />
        <field name="statuscode" value="1" />
        <field name="lulu_subtype" value="11f8ea66-60d0-eb11-8235-000d3a3abd9e" lookupentity="lulu_case_types" lookupentityname="Product not Performing Return" />
      </record>
      <record id="5c7609fa-0feb-eb11-bacb-000d3a5aaf20">
        <field name="createdby" value="9236ce40-39d6-eb11-bacb-00224804c7ac" lookupentity="systemuser" lookupentityname="King Yeung" />
        <field name="createdon" value="2021-07-22T17:12:33.0000000Z" />
        <field name="lulu_followupreasonid" value="5c7609fa-0feb-eb11-bacb-000d3a5aaf20" />
        <field name="importsequencenumber" value="52" />
        <field name="modifiedby" value="84ba7f7f-a3d4-eb11-bacc-000d3a3b9da0" lookupentity="systemuser" lookupentityname="Anish Maurya" />
        <field name="modifiedon" value="2021-08-19T00:01:54.0000000Z" />
        <field name="lulu_name" value="Return outside of time frame" />
        <field name="organizationid" value="2441e7e2-77e2-4b0a-98ee-42eb3aca494d" lookupentity="organization" lookupentityname="gecdev" />
        <field name="statecode" value="0" />
        <field name="statuscode" value="1" />
        <field name="lulu_subtype" value="11f8ea66-60d0-eb11-8235-000d3a3abd9e" lookupentity="lulu_case_types" lookupentityname="Product not Performing Return" />
      </record>
      <record id="5e7609fa-0feb-eb11-bacb-000d3a5aaf20">
        <field name="createdby" value="9236ce40-39d6-eb11-bacb-00224804c7ac" lookupentity="systemuser" lookupentityname="King Yeung" />
        <field name="createdon" value="2021-07-22T17:12:33.0000000Z" />
        <field name="lulu_followupreasonid" value="5e7609fa-0feb-eb11-bacb-000d3a5aaf20" />
        <field name="importsequencenumber" value="52" />
        <field name="modifiedby" value="84ba7f7f-a3d4-eb11-bacc-000d3a3b9da0" lookupentity="systemuser" lookupentityname="Anish Maurya" />
        <field name="modifiedon" value="2021-08-19T00:01:54.0000000Z" />
        <field name="lulu_name" value="Call tag failure" />
        <field name="organizationid" value="2441e7e2-77e2-4b0a-98ee-42eb3aca494d" lookupentity="organization" lookupentityname="gecdev" />
        <field name="statecode" value="0" />
        <field name="statuscode" value="1" />
        <field name="lulu_subtype" value="11f8ea66-60d0-eb11-8235-000d3a3abd9e" lookupentity="lulu_case_types" lookupentityname="Product not Performing Return" />
      </record>
      <record id="6396066a-4df5-eb11-94ef-000d3a5b341f">
        <field name="createdby" value="84ba7f7f-a3d4-eb11-bacc-000d3a3b9da0" lookupentity="systemuser" lookupentityname="Anish Maurya" />
        <field name="createdon" value="2021-08-04T17:57:30.0000000Z" />
        <field name="lulu_followupreasonid" value="6396066a-4df5-eb11-94ef-000d3a5b341f" />
        <field name="modifiedby" value="84ba7f7f-a3d4-eb11-bacc-000d3a3b9da0" lookupentity="systemuser" lookupentityname="Anish Maurya" />
        <field name="modifiedon" value="2021-08-19T00:01:52.0000000Z" />
        <field name="lulu_name" value="Security tag" />
        <field name="organizationid" value="2441e7e2-77e2-4b0a-98ee-42eb3aca494d" lookupentity="organization" lookupentityname="gecdev" />
        <field name="statecode" value="0" />
        <field name="statuscode" value="1" />
        <field name="lulu_subtype" value="d9cc3e26-bad9-eb11-bacb-002248040074" lookupentity="lulu_case_types" lookupentityname="Delivered ecom order follow-up" />
      </record>
      <record id="a51b4cbc-f8f9-eb11-94ef-000d3a5b341f">
        <field name="createdby" value="f6473291-f0ee-eb11-bacb-00224809a0e0" lookupentity="systemuser" lookupentityname="Noor Sabri" />
        <field name="createdon" value="2021-08-10T16:33:57.0000000Z" />
        <field name="lulu_followupreasonid" value="a51b4cbc-f8f9-eb11-94ef-000d3a5b341f" />
        <field name="modifiedby" value="84ba7f7f-a3d4-eb11-bacc-000d3a3b9da0" lookupentity="systemuser" lookupentityname="Anish Maurya" />
        <field name="modifiedon" value="2021-08-19T00:01:54.0000000Z" />
        <field name="lulu_name" value="Billing or payment issue" />
        <field name="organizationid" value="2441e7e2-77e2-4b0a-98ee-42eb3aca494d" lookupentity="organization" lookupentityname="gecdev" />
        <field name="statecode" value="0" />
        <field name="statuscode" value="1" />
      </record>
      <record id="ac562a00-f9f9-eb11-94ef-000d3a5b341f">
        <field name="createdby" value="f6473291-f0ee-eb11-bacb-00224809a0e0" lookupentity="systemuser" lookupentityname="Noor Sabri" />
        <field name="createdon" value="2021-08-10T16:35:41.0000000Z" />
        <field name="lulu_followupreasonid" value="ac562a00-f9f9-eb11-94ef-000d3a5b341f" />
        <field name="modifiedby" value="84ba7f7f-a3d4-eb11-bacc-000d3a3b9da0" lookupentity="systemuser" lookupentityname="Anish Maurya" />
        <field name="modifiedon" value="2021-08-19T00:01:54.0000000Z" />
        <field name="lulu_name" value="Address Update" />
        <field name="organizationid" value="2441e7e2-77e2-4b0a-98ee-42eb3aca494d" lookupentity="organization" lookupentityname="gecdev" />
        <field name="statecode" value="0" />
        <field name="statuscode" value="1" />
      </record>
      <record id="b5b804c0-1d01-ec11-94ef-000d3a5b353d">
        <field name="createdby" value="84ba7f7f-a3d4-eb11-bacc-000d3a3b9da0" lookupentity="systemuser" lookupentityname="Anish Maurya" />
        <field name="createdon" value="2021-08-19T18:46:29.0000000Z" />
        <field name="lulu_followupreasonid" value="b5b804c0-1d01-ec11-94ef-000d3a5b353d" />
        <field name="modifiedby" value="d771bf20-75d4-eb11-bacc-000d3a3b9083" lookupentity="systemuser" lookupentityname="Emily Order Support" />
        <field name="modifiedon" value="2021-08-19T19:47:12.0000000Z" />
        <field name="lulu_name" value="PayPal void" />
        <field name="organizationid" value="2441e7e2-77e2-4b0a-98ee-42eb3aca494d" lookupentity="organization" lookupentityname="gecdev" />
        <field name="statecode" value="0" />
        <field name="statuscode" value="1" />
        <field name="lulu_subtype" value="2bb42ee5-b9d9-eb11-bacb-002248040074" lookupentity="lulu_case_types" lookupentityname="Ecom order follow-up" />
      </record>
      <record id="a24b1330-ca0c-ec11-b6e6-000d3a5bd9dc">
        <field name="createdby" value="3b831a6b-43c9-eb11-bacc-000d3a5a149f" lookupentity="systemuser" lookupentityname="Roina Bastos" />
        <field name="createdon" value="2021-09-03T15:18:30.0000000Z" />
        <field name="lulu_followupreasonid" value="a24b1330-ca0c-ec11-b6e6-000d3a5bd9dc" />
        <field name="modifiedby" value="3b831a6b-43c9-eb11-bacc-000d3a5a149f" lookupentity="systemuser" lookupentityname="Roina Bastos" />
        <field name="modifiedon" value="2021-09-03T15:20:08.0000000Z" />
        <field name="lulu_name" value="Cancellation request" />
        <field name="organizationid" value="2441e7e2-77e2-4b0a-98ee-42eb3aca494d" lookupentity="organization" lookupentityname="gecdev" />
        <field name="statecode" value="0" />
        <field name="statuscode" value="1" />
        <field name="lulu_subtype" value="83f29937-d8d9-eb11-bacb-002248040074" lookupentity="lulu_case_types" lookupentityname="Returns Follow Up" />
      </record>
      <record id="6c13b49d-2af0-eb11-bacb-00224809ac6b">
        <field name="createdby" value="ed1e6f9b-b3b8-eb11-8236-000d3a595dd5" lookupentity="systemuser" lookupentityname="Sergio Hernandez" />
        <field name="createdon" value="2021-07-29T05:05:43.0000000Z" />
        <field name="lulu_followupreasonid" value="6c13b49d-2af0-eb11-bacb-00224809ac6b" />
        <field name="modifiedby" value="84ba7f7f-a3d4-eb11-bacc-000d3a3b9da0" lookupentity="systemuser" lookupentityname="Anish Maurya" />
        <field name="modifiedon" value="2021-08-19T00:01:55.0000000Z" />
        <field name="lulu_name" value="Billing or payment issue" />
        <field name="organizationid" value="2441e7e2-77e2-4b0a-98ee-42eb3aca494d" lookupentity="organization" lookupentityname="gecdev" />
        <field name="statecode" value="0" />
        <field name="statuscode" value="1" />
        <field name="lulu_subtype" value="2bb42ee5-b9d9-eb11-bacb-002248040074" lookupentity="lulu_case_types" lookupentityname="Ecom order follow-up" />
      </record>
    </records>
    <m2mrelationships />
  </entity>
</entities>