<entities >
  <entity name="knowledgearticle" displayname="Knowledge Article" etc="9953" primaryidfield="knowledgearticleid" primarynamefield="title" disableplugins="false">
    <fields>
      <field displayname="Article Public Number" name="articlepublicnumber" type="string" />
      <field displayname="Content" name="content" type="string" />
      <field displayname="Created By" name="createdby" type="entityreference" lookupType="systemuser" />
      <field displayname="Created By (Delegate)" name="createdonbehalfby" type="entityreference" lookupType="systemuser" />
      <field displayname="Created On" name="createdon" type="datetime" />
      <field displayname="Currency" name="transactioncurrencyid" type="entityreference" lookupType="transactioncurrency" />
      <field displayname="Description" name="description" type="string" />
      <field displayname="ExchangeRate" name="exchangerate" type="decimal" />
      <field displayname="Expiration Date" name="expirationdate" type="datetime" />
      <field displayname="Expiration State Id" name="expirationstateid" type="number" />
      <field displayname="Expired Review Options" name="expiredreviewoptions" type="optionsetvalue" />
      <field displayname="Expired Status" name="expirationstatusid" type="number" />
      <field displayname="Import Sequence Number" name="importsequencenumber" type="number" />
      <field displayname="Internal" name="isinternal" type="bool" />
      <field displayname="Is Latest Version" name="islatestversion" type="bool" />
      <field displayname="Keywords" name="keywords" type="string" />
      <field updateCompare="true" displayname="Knowledge Article" name="knowledgearticleid" type="guid" primaryKey="true" />
      <field displayname="Knowledge Article View(Last Updated Time)" name="knowledgearticleviews_date" type="datetime" />
      <field displayname="Knowledge Article View(State)" name="knowledgearticleviews_state" type="number" />
      <field displayname="Knowledge Article Views" name="knowledgearticleviews" type="number" />
      <field displayname="Language" name="languagelocaleid" type="entityreference" lookupType="languagelocale" />
      <field displayname="Major Version Number" name="majorversionnumber" type="number" />
      <field displayname="Minor Version Number" name="minorversionnumber" type="number" />
      <field displayname="Modified By" name="modifiedby" type="entityreference" lookupType="systemuser" />
      <field displayname="Modified By (Delegate)" name="modifiedonbehalfby" type="entityreference" lookupType="systemuser" />
      <field displayname="Modified On" name="modifiedon" type="datetime" />
      <field displayname="Owner" name="ownerid" type="owner" />
      <field displayname="Owning Business Unit" name="owningbusinessunit" type="entityreference" lookupType="businessunit" />
      <field displayname="Owning Team" name="owningteam" type="entityreference" lookupType="team" />
      <field displayname="Owning User" name="owninguser" type="entityreference" lookupType="systemuser" />
      <field displayname="Parent Article Content Id" name="parentarticlecontentid" type="entityreference" lookupType="knowledgearticle" />
      <field displayname="Previous Article Content ID" name="previousarticlecontentid" type="entityreference" lookupType="knowledgearticle" />
      <field displayname="Primary Article" name="isprimary" type="bool" />
      <field displayname="Primary Author Id" name="primaryauthorid" type="entityreference" lookupType="systemuser" />
      <field displayname="Process Id" name="processid" type="guid" />
      <field displayname="Publish On" name="publishon" type="datetime" />
      <field displayname="Published Status" name="publishstatusid" type="number" />
      <field displayname="Rating" name="rating" type="decimal" />
      <field displayname="Rating(Count)" name="rating_count" type="number" />
      <field displayname="Rating(Last Updated Time)" name="rating_date" type="datetime" />
      <field displayname="Rating(State)" name="rating_state" type="number" />
      <field displayname="Rating(sum)" name="rating_sum" type="decimal" />
      <field displayname="Ready For Review" name="readyforreview" type="bool" />
      <field displayname="Record Created On" name="overriddencreatedon" type="datetime" />
      <field displayname="Review" name="review" type="optionsetvalue" />
      <field displayname="Root Article" name="isrootarticle" type="bool" />
      <field displayname="Root Article Id" name="rootarticleid" type="entityreference" lookupType="knowledgearticle" />
      <field displayname="Scheduled Status" name="scheduledstatusid" type="number" />
      <field displayname="Set Category Associations" name="setcategoryassociations" type="bool" />
      <field displayname="Set Product Associations" name="setproductassociations" type="bool" />
      <field displayname="Stage Id" name="stageid" type="guid" />
      <field displayname="Status" name="statecode" type="state" />
      <field displayname="Status Reason" name="statuscode" type="status" />
      <field displayname="Subject" name="subjectid" type="entityreference" lookupType="subject" />
      <field displayname="Time Zone Rule Version Number" name="timezoneruleversionnumber" type="number" />
      <field displayname="Title" name="title" type="string" />
      <field displayname="Update Content" name="updatecontent" type="bool" />
      <field displayname="UTC Conversion Time Zone Code" name="utcconversiontimezonecode" type="number" />
      <field displayname="versionnumber" name="versionnumber" type="bigint" />
    </fields>
    <relationships>
      <relationship name="knowledgearticlescategories" manyToMany="true" relatedEntityName="knowledgearticlescategories" m2mTargetEntity="category" m2mTargetEntityPrimaryKey="categoryid" />
    </relationships>
  </entity>
  <entity name="msdyn_cannedmessage" displayname="Quick reply" etc="10325" primaryidfield="msdyn_cannedmessageid" primarynamefield="msdyn_title" disableplugins="false">
    <fields>
      <field displayname="Created By" name="createdby" type="entityreference" lookupType="systemuser" />
      <field displayname="Created By (Delegate)" name="createdonbehalfby" type="entityreference" lookupType="systemuser" />
      <field displayname="Created On" name="createdon" type="datetime" />
      <field displayname="Import Sequence Number" name="importsequencenumber" type="number" />
      <field displayname="Locale" name="msdyn_locale_field" type="optionsetvalue" customfield="true" />
      <field displayname="Message" name="msdyn_message" type="string" customfield="true" />
      <field displayname="Modified By" name="modifiedby" type="entityreference" lookupType="systemuser" />
      <field displayname="Modified By (Delegate)" name="modifiedonbehalfby" type="entityreference" lookupType="systemuser" />
      <field displayname="Modified On" name="modifiedon" type="datetime" />
      <field displayname="Organization Id" name="organizationid" type="entityreference" lookupType="organization" />
      <field updateCompare="true" displayname="Quick reply" name="msdyn_cannedmessageid" type="guid" primaryKey="true" />
      <field displayname="Record Created On" name="overriddencreatedon" type="datetime" />
      <field displayname="Status" name="statecode" type="state" />
      <field displayname="Status Reason" name="statuscode" type="status" />
      <field displayname="TagsControlField" name="msdyn_tagscontrolfield" type="string" customfield="true" />
      <field displayname="Time Zone Rule Version Number" name="timezoneruleversionnumber" type="number" />
      <field displayname="Title" name="msdyn_title" type="string" customfield="true" />
      <field displayname="UTC Conversion Time Zone Code" name="utcconversiontimezonecode" type="number" />
      <field displayname="Version Number" name="versionnumber" type="bigint" />
    </fields>
    <relationships>
      <relationship name="msdyn_msdyn_cannedmessage_liveworkstream" manyToMany="true" relatedEntityName="msdyn_msdyn_cannedmessage_liveworkstream" m2mTargetEntity="msdyn_liveworkstream" m2mTargetEntityPrimaryKey="msdyn_liveworkstreamid" />
      <relationship name="msdyn_msdyn_cannedmessage_msdyn_octag" manyToMany="true" relatedEntityName="msdyn_msdyn_cannedmessage_msdyn_octag" m2mTargetEntity="msdyn_octag" m2mTargetEntityPrimaryKey="msdyn_octagid" />
    </relationships>
  </entity>
  <entity name="lulu_case_types" displayname="Case Type" etc="10438" primaryidfield="lulu_case_typesid" primarynamefield="lulu_name" disableplugins="false">
    <fields>
      <field updateCompare="true" displayname="Case Type" name="lulu_case_typesid" type="guid" primaryKey="true" />
      <field displayname="Created By" name="createdby" type="entityreference" lookupType="systemuser" />
      <field displayname="Created By (Delegate)" name="createdonbehalfby" type="entityreference" lookupType="systemuser" />
      <field displayname="Created On" name="createdon" type="datetime" />
      <field displayname="Import Sequence Number" name="importsequencenumber" type="number" />
      <field displayname="Modified By" name="modifiedby" type="entityreference" lookupType="systemuser" />
      <field displayname="Modified By (Delegate)" name="modifiedonbehalfby" type="entityreference" lookupType="systemuser" />
      <field displayname="Modified On" name="modifiedon" type="datetime" />
      <field displayname="Name" name="lulu_name" type="string" customfield="true" />
      <field displayname="Owner" name="ownerid" type="owner" />
      <field displayname="Owning Business Unit" name="owningbusinessunit" type="entityreference" lookupType="businessunit" />
      <field displayname="Owning Team" name="owningteam" type="entityreference" lookupType="team" />
      <field displayname="Owning User" name="owninguser" type="entityreference" lookupType="systemuser" />
      <field displayname="Parent Case Type" name="lulu_parent_case_type" type="entityreference" lookupType="lulu_case_types" customfield="true" />
      <field displayname="Record Created On" name="overriddencreatedon" type="datetime" />
      <field displayname="Status" name="statecode" type="state" />
      <field displayname="Status Reason" name="statuscode" type="status" />
      <field displayname="Time Zone Rule Version Number" name="timezoneruleversionnumber" type="number" />
      <field displayname="UTC Conversion Time Zone Code" name="utcconversiontimezonecode" type="number" />
      <field displayname="Version Number" name="versionnumber" type="bigint" />
      <field displayname="Form Element" name="lulu_form_element" type="string" customfield="true" />
    </fields>
    <relationships />
    <filter>    &lt;filter type="and"&gt;
      &lt;condition attribute="statecode" operator="eq" value="0" /&gt;
    &lt;/filter&gt;</filter>
  </entity>
  <entity name="site" displayname="Site" etc="4009" primaryidfield="siteid" primarynamefield="name" disableplugins="false">
    <fields>
      <field displayname="Address 1: Address Type" name="address1_addresstypecode" type="optionsetvalue" />
      <field displayname="Address 1: County" name="address1_county" type="string" />
      <field displayname="Address 1: ID" name="address1_addressid" type="guid" primaryKey="true" />
      <field displayname="Address 1: Latitude" name="address1_latitude" type="float" />
      <field displayname="Address 1: Longitude" name="address1_longitude" type="float" />
      <field displayname="Address 1: Name" name="address1_name" type="string" />
      <field displayname="Address 1: Post Office Box" name="address1_postofficebox" type="string" />
      <field displayname="Address 1: Shipping Method" name="address1_shippingmethodcode" type="optionsetvalue" />
      <field displayname="Address 1: Telephone 3" name="address1_telephone3" type="string" />
      <field displayname="Address 1: UPS Zone" name="address1_upszone" type="string" />
      <field displayname="Address 1: UTC Offset" name="address1_utcoffset" type="number" />
      <field displayname="Address 2: Address Type" name="address2_addresstypecode" type="optionsetvalue" />
      <field displayname="Address 2: City" name="address2_city" type="string" />
      <field displayname="Address 2: Country/Region" name="address2_country" type="string" />
      <field displayname="Address 2: County" name="address2_county" type="string" />
      <field displayname="Address 2: Fax" name="address2_fax" type="string" />
      <field displayname="Address 2: ID" name="address2_addressid" type="guid" primaryKey="true" />
      <field displayname="Address 2: Latitude" name="address2_latitude" type="float" />
      <field displayname="Address 2: Longitude" name="address2_longitude" type="float" />
      <field displayname="Address 2: Name" name="address2_name" type="string" />
      <field displayname="Address 2: Post Office Box" name="address2_postofficebox" type="string" />
      <field displayname="Address 2: Shipping Method" name="address2_shippingmethodcode" type="optionsetvalue" />
      <field displayname="Address 2: State/Province" name="address2_stateorprovince" type="string" />
      <field displayname="Address 2: Street 1" name="address2_line1" type="string" />
      <field displayname="Address 2: Street 2" name="address2_line2" type="string" />
      <field displayname="Address 2: Street 3" name="address2_line3" type="string" />
      <field displayname="Address 2: Telephone 1" name="address2_telephone1" type="string" />
      <field displayname="Address 2: Telephone 2" name="address2_telephone2" type="string" />
      <field displayname="Address 2: Telephone 3" name="address2_telephone3" type="string" />
      <field displayname="Address 2: UPS Zone" name="address2_upszone" type="string" />
      <field displayname="Address 2: UTC Offset" name="address2_utcoffset" type="number" />
      <field displayname="Address 2: ZIP/Postal Code" name="address2_postalcode" type="string" />
      <field displayname="City" name="address1_city" type="string" />
      <field displayname="Country/Region" name="address1_country" type="string" />
      <field displayname="Created By (Delegate)" name="createdonbehalfby" type="entityreference" lookupType="systemuser" />
      <field displayname="Email" name="emailaddress" type="string" />
      <field displayname="Fax" name="address1_fax" type="string" />
      <field displayname="Import Sequence Number" name="importsequencenumber" type="number" />
      <field displayname="Main Phone" name="address1_telephone1" type="string" />
      <field displayname="Modified By (Delegate)" name="modifiedonbehalfby" type="entityreference" lookupType="systemuser" />
      <field displayname="Name" name="name" type="string" />
      <field displayname="Other Phone" name="address1_telephone2" type="string" />
      <field displayname="Record Created On" name="overriddencreatedon" type="datetime" />
      <field updateCompare="true" displayname="Site" name="siteid" type="guid" primaryKey="true" />
      <field displayname="State/Province" name="address1_stateorprovince" type="string" />
      <field displayname="Street 1" name="address1_line1" type="string" />
      <field displayname="Street 2" name="address1_line2" type="string" />
      <field displayname="Street 3" name="address1_line3" type="string" />
      <field displayname="Time Zone" name="timezonecode" type="number" />
      <field displayname="Time Zone Rule Version Number" name="timezoneruleversionnumber" type="number" />
      <field displayname="UTC Conversion Time Zone Code" name="utcconversiontimezonecode" type="number" />
      <field displayname="ZIP/Postal Code" name="address1_postalcode" type="string" />
      <field displayname="Area" name="lulu_area_text" type="string" customfield="true" />
      <field displayname="Currency" name="transactioncurrencyid" type="entityreference" lookupType="transactioncurrency" />
      <field displayname="Exchange Rate" name="exchangerate" type="decimal" />
      <field displayname="Region" name="lulu_region_text" type="string" customfield="true" />
      <field displayname="Source System ID" name="lulu_source_system_id" type="string" customfield="true" />
      <field displayname="Type" name="lulu_type" type="optionsetvalue" customfield="true" />
      <field displayname="Value" name="lulu_value" type="money" customfield="true" />
      <field displayname="Value (Base)" name="lulu_value_base" type="money" customfield="true" />
    </fields>
    <relationships />
  </entity>
  <entity name="lulu_region" displayname="Region" etc="10440" primaryidfield="lulu_regionid" primarynamefield="lulu_name" disableplugins="false">
    <fields>
      <field displayname="Created By" name="createdby" type="entityreference" lookupType="systemuser" />
      <field displayname="Created By (Delegate)" name="createdonbehalfby" type="entityreference" lookupType="systemuser" />
      <field displayname="Created On" name="createdon" type="datetime" />
      <field displayname="Import Sequence Number" name="importsequencenumber" type="number" />
      <field displayname="Modified By" name="modifiedby" type="entityreference" lookupType="systemuser" />
      <field displayname="Modified By (Delegate)" name="modifiedonbehalfby" type="entityreference" lookupType="systemuser" />
      <field displayname="Modified On" name="modifiedon" type="datetime" />
      <field displayname="Name" name="lulu_name" type="string" customfield="true" />
      <field displayname="Organization Id" name="organizationid" type="entityreference" lookupType="organization" />
      <field displayname="Record Created On" name="overriddencreatedon" type="datetime" />
      <field displayname="Region" name="lulu_regionid" type="guid" primaryKey="true" />
      <field displayname="Status" name="statecode" type="state" />
      <field displayname="Status Reason" name="statuscode" type="status" />
      <field displayname="Time Zone Rule Version Number" name="timezoneruleversionnumber" type="number" />
      <field displayname="Type" name="lulu_type" type="optionsetvaluecollection" customfield="true" />
      <field displayname="UTC Conversion Time Zone Code" name="utcconversiontimezonecode" type="number" />
      <field displayname="Version Number" name="versionnumber" type="bigint" />
    </fields>
    <relationships />
  </entity>
  <entity name="team" displayname="Team" etc="9" primaryidfield="teamid" primarynamefield="name" disableplugins="false">
    <fields>
      <field displayname="(Deprecated) Process Stage" name="stageid" type="guid" />
      <field displayname="(Deprecated) Traversed Path" name="traversedpath" type="string" />
      <field displayname="Administrator" name="administratorid" type="entityreference" lookupType="systemuser" />
      <field displayname="Business Unit" name="businessunitid" type="entityreference" lookupType="businessunit" />
      <field displayname="Created By" name="createdby" type="entityreference" lookupType="systemuser" />
      <field displayname="Created By (Delegate)" name="createdonbehalfby" type="entityreference" lookupType="systemuser" />
      <field displayname="Created On" name="createdon" type="datetime" />
      <field displayname="Currency" name="transactioncurrencyid" type="entityreference" lookupType="transactioncurrency" />
      <field displayname="Default Queue" name="queueid" type="entityreference" lookupType="queue" />
      <field displayname="Description" name="description" type="string" />
      <field displayname="Email" name="emailaddress" type="string" />
      <field displayname="Exchange Rate" name="exchangerate" type="decimal" />
      <field displayname="Import Sequence Number" name="importsequencenumber" type="number" />
      <field displayname="Is Default" name="isdefault" type="bool" />
      <field displayname="Is System Managed" name="systemmanaged" type="bool" />
      <field displayname="Modified By" name="modifiedby" type="entityreference" lookupType="systemuser" />
      <field displayname="Modified By (Delegate)" name="modifiedonbehalfby" type="entityreference" lookupType="systemuser" />
      <field displayname="Modified On" name="modifiedon" type="datetime" />
      <field displayname="Process" name="processid" type="guid" />
      <field displayname="Record Created On" name="overriddencreatedon" type="datetime" />
      <field displayname="Team" name="teamid" type="guid" primaryKey="true" />
      <field displayname="Team Name" name="name" type="string" />
      <field displayname="Team Template Identifier" name="teamtemplateid" type="entityreference" lookupType="teamtemplate" />
      <field displayname="Team Type" name="teamtype" type="optionsetvalue" />
      <field displayname="Yomi Name" name="yominame" type="string" />
    </fields>
    <relationships>
      <relationship name="teamprofiles" manyToMany="true" relatedEntityName="teamprofiles" m2mTargetEntity="fieldsecurityprofile" m2mTargetEntityPrimaryKey="fieldsecurityprofileid" />
      <relationship name="teamroles" manyToMany="true" relatedEntityName="teamroles" m2mTargetEntity="role" m2mTargetEntityPrimaryKey="roleid" />
      <relationship name="teamsyncattributemappingprofiles" manyToMany="true" relatedEntityName="teamsyncattributemappingprofiles" m2mTargetEntity="syncattributemappingprofile" m2mTargetEntityPrimaryKey="syncattributemappingprofileid" />
    </relationships>
    <filter>&lt;filter type="and"&gt;
      &lt;filter type="and"&gt;
        &lt;condition attribute="createdon" operator="on-or-after" value="2021-06-07" /&gt;
        &lt;condition attribute="createdonbehalfby" operator="ne" uiname="Ravi Mandalapu" uitype="systemuser" value="{A67046BE-74B5-EB11-8236-0022480A01E3}" /&gt;
      &lt;/filter&gt;
    &lt;/filter&gt;</filter>
  </entity>
  <entity name="lulu_productcategory" displayname="Product Category" etc="10444" primaryidfield="lulu_productcategoryid" primarynamefield="lulu_name" disableplugins="false">
    <fields>
      <field displayname="Created By" name="createdby" type="entityreference" lookupType="systemuser" />
      <field displayname="Created By (Delegate)" name="createdonbehalfby" type="entityreference" lookupType="systemuser" />
      <field displayname="Created On" name="createdon" type="datetime" />
      <field displayname="Import Sequence Number" name="importsequencenumber" type="number" />
      <field displayname="Modified By" name="modifiedby" type="entityreference" lookupType="systemuser" />
      <field displayname="Modified By (Delegate)" name="modifiedonbehalfby" type="entityreference" lookupType="systemuser" />
      <field displayname="Modified On" name="modifiedon" type="datetime" />
      <field displayname="Name" name="lulu_name" type="string" customfield="true" />
      <field displayname="Organization Id" name="organizationid" type="entityreference" lookupType="organization" />
      <field displayname="Parent Product Category" name="lulu_parent_product_category" type="entityreference" lookupType="lulu_productcategory" customfield="true" />
      <field updateCompare="true" displayname="Product Category" name="lulu_productcategoryid" type="guid" primaryKey="true" />
      <field displayname="Record Created On" name="overriddencreatedon" type="datetime" />
      <field displayname="Status" name="statecode" type="state" />
      <field displayname="Status Reason" name="statuscode" type="status" />
      <field displayname="Time Zone Rule Version Number" name="timezoneruleversionnumber" type="number" />
      <field displayname="UTC Conversion Time Zone Code" name="utcconversiontimezonecode" type="number" />
      <field displayname="Version Number" name="versionnumber" type="bigint" />
    </fields>
    <relationships />
  </entity>
  <entity name="lulu_sweatcollectivestatus" displayname="SweatCollective Status" etc="10453" primaryidfield="lulu_sweatcollectivestatusid" primarynamefield="lulu_name" disableplugins="false">
    <fields>
      <field displayname="Created By" name="createdby" type="entityreference" lookupType="systemuser" />
      <field displayname="Created By (Delegate)" name="createdonbehalfby" type="entityreference" lookupType="systemuser" />
      <field displayname="Created On" name="createdon" type="datetime" />
      <field displayname="Import Sequence Number" name="importsequencenumber" type="number" />
      <field displayname="Modified By" name="modifiedby" type="entityreference" lookupType="systemuser" />
      <field displayname="Modified By (Delegate)" name="modifiedonbehalfby" type="entityreference" lookupType="systemuser" />
      <field displayname="Modified On" name="modifiedon" type="datetime" />
      <field displayname="Name" name="lulu_name" type="string" customfield="true" />
      <field displayname="Organization Id" name="organizationid" type="entityreference" lookupType="organization" />
      <field displayname="Parent Status" name="lulu_parent_status" type="entityreference" lookupType="lulu_sweatcollectivestatus" customfield="true" />
      <field displayname="Record Created On" name="overriddencreatedon" type="datetime" />
      <field displayname="Status" name="statecode" type="state" />
      <field displayname="Status Reason" name="statuscode" type="status" />
      <field updateCompare="true" displayname="SweatCollective Status" name="lulu_sweatcollectivestatusid" type="guid" primaryKey="true" />
      <field displayname="Time Zone Rule Version Number" name="timezoneruleversionnumber" type="number" />
      <field displayname="UTC Conversion Time Zone Code" name="utcconversiontimezonecode" type="number" />
      <field displayname="Version Number" name="versionnumber" type="bigint" />
    </fields>
    <relationships />
  </entity>
  <entity name="lulu_jurisdiction" displayname="Jurisdiction" etc="10442" primaryidfield="lulu_jurisdictionid" primarynamefield="lulu_name" disableplugins="false">
    <fields>
      <field displayname="Code" name="lulu_code" type="string" customfield="true" />
      <field displayname="Created By" name="createdby" type="entityreference" lookupType="systemuser" />
      <field displayname="Created By (Delegate)" name="createdonbehalfby" type="entityreference" lookupType="systemuser" />
      <field displayname="Created On" name="createdon" type="datetime" />
      <field displayname="Import Sequence Number" name="importsequencenumber" type="number" />
      <field updateCompare="true" displayname="Jurisdiction" name="lulu_jurisdictionid" type="guid" primaryKey="true" />
      <field displayname="Modified By" name="modifiedby" type="entityreference" lookupType="systemuser" />
      <field displayname="Modified By (Delegate)" name="modifiedonbehalfby" type="entityreference" lookupType="systemuser" />
      <field displayname="Modified On" name="modifiedon" type="datetime" />
      <field displayname="Name" name="lulu_name" type="string" customfield="true" />
      <field displayname="Organization Id" name="organizationid" type="entityreference" lookupType="organization" />
      <field displayname="Parent Jurisdiction" name="lulu_parent_jurisdiction" type="entityreference" lookupType="lulu_jurisdiction" customfield="true" />
      <field displayname="Record Created On" name="overriddencreatedon" type="datetime" />
      <field displayname="Status" name="statecode" type="state" />
      <field displayname="Status Reason" name="statuscode" type="status" />
      <field displayname="Tax Rate" name="lulu_tax_rate" type="decimal" customfield="true" />
      <field displayname="Time Zone Rule Version Number" name="timezoneruleversionnumber" type="number" />
      <field displayname="UTC Conversion Time Zone Code" name="utcconversiontimezonecode" type="number" />
      <field displayname="Version Number" name="versionnumber" type="bigint" />
      <field displayname="Warehouse" name="lulu_site" type="entityreference" lookupType="site" customfield="true" />
      <field displayname="Tax Name" name="lulu_tax_name" type="string" customfield="true" />
    </fields>
    <relationships />
  </entity>
</entities>