
<entities xmlns:xsd="http://www.w3.org/2001/XMLSchema" xmlns:xsi="http://www.w3.org/2001/XMLSchema-instance" timestamp="2021-09-08T13:28:18.8096552Z">
  <entity name="transactioncurrency" displayname="Currency">
    <records>
      <record id="a6dc0dde-c7c3-eb11-bacc-000d3a31d5b6">
        <field name="isocurrencycode" value="CAD" />
        <field name="currencyname" value="Canadian&amp;#160;Dollar" />
        <field name="currencyprecision" value="2" />
        <field name="currencysymbol" value="$" />
        <field name="exchangerate" value="1.0000000000" />
        <field name="statecode" value="0" />
        <field name="statuscode" value="1" />
        <field name="transactioncurrencyid" value="a6dc0dde-c7c3-eb11-bacc-000d3a31d5b6" />
      </record>
    </records>
    <m2mrelationships />
  </entity>
</entities>