<entities >
  <entity name="site" displayname="Site" etc="4009" primaryidfield="siteid" primarynamefield="name" disableplugins="false">
    <fields>
      <field displayname="Address 1: Address Type" name="address1_addresstypecode" type="optionsetvalue" />
      <field displayname="Address 1: County" name="address1_county" type="string" />
      <field displayname="Address 1: ID" name="address1_addressid" type="guid" primaryKey="true" />
      <field displayname="Address 1: Latitude" name="address1_latitude" type="float" />
      <field displayname="Address 1: Longitude" name="address1_longitude" type="float" />
      <field displayname="Address 1: Name" name="address1_name" type="string" />
      <field displayname="Address 1: Post Office Box" name="address1_postofficebox" type="string" />
      <field displayname="Address 1: Shipping Method" name="address1_shippingmethodcode" type="optionsetvalue" />
      <field displayname="Address 1: Telephone 3" name="address1_telephone3" type="string" />
      <field displayname="Address 1: UPS Zone" name="address1_upszone" type="string" />
      <field displayname="Address 1: UTC Offset" name="address1_utcoffset" type="number" />
      <field displayname="Address 2: Address Type" name="address2_addresstypecode" type="optionsetvalue" />
      <field displayname="Address 2: City" name="address2_city" type="string" />
      <field displayname="Address 2: Country/Region" name="address2_country" type="string" />
      <field displayname="Address 2: County" name="address2_county" type="string" />
      <field displayname="Address 2: Fax" name="address2_fax" type="string" />
      <field displayname="Address 2: ID" name="address2_addressid" type="guid" primaryKey="true" />
      <field displayname="Address 2: Latitude" name="address2_latitude" type="float" />
      <field displayname="Address 2: Longitude" name="address2_longitude" type="float" />
      <field displayname="Address 2: Name" name="address2_name" type="string" />
      <field displayname="Address 2: Post Office Box" name="address2_postofficebox" type="string" />
      <field displayname="Address 2: Shipping Method" name="address2_shippingmethodcode" type="optionsetvalue" />
      <field displayname="Address 2: State/Province" name="address2_stateorprovince" type="string" />
      <field displayname="Address 2: Street 1" name="address2_line1" type="string" />
      <field displayname="Address 2: Street 2" name="address2_line2" type="string" />
      <field displayname="Address 2: Street 3" name="address2_line3" type="string" />
      <field displayname="Address 2: Telephone 1" name="address2_telephone1" type="string" />
      <field displayname="Address 2: Telephone 2" name="address2_telephone2" type="string" />
      <field displayname="Address 2: Telephone 3" name="address2_telephone3" type="string" />
      <field displayname="Address 2: UPS Zone" name="address2_upszone" type="string" />
      <field displayname="Address 2: UTC Offset" name="address2_utcoffset" type="number" />
      <field displayname="Address 2: ZIP/Postal Code" name="address2_postalcode" type="string" />
      <field displayname="Area" name="lulu_area_text" type="string" customfield="true" />
      <field displayname="City" name="address1_city" type="string" />
      <field displayname="Country/Region" name="address1_country" type="string" />
      <field displayname="Created By (Delegate)" name="createdonbehalfby" type="entityreference" lookupType="systemuser" />
      <field displayname="Currency" name="transactioncurrencyid" type="entityreference" lookupType="transactioncurrency" />
      <field displayname="Email" name="emailaddress" type="string" />
      <field displayname="Exchange Rate" name="exchangerate" type="decimal" />
      <field displayname="Fax" name="address1_fax" type="string" />
      <field displayname="Import Sequence Number" name="importsequencenumber" type="number" />
      <field displayname="Main Phone" name="address1_telephone1" type="string" />
      <field displayname="Modified By (Delegate)" name="modifiedonbehalfby" type="entityreference" lookupType="systemuser" />
      <field displayname="Name" name="name" type="string" />
      <field displayname="Other Phone" name="address1_telephone2" type="string" />
      <field displayname="Record Created On" name="overriddencreatedon" type="datetime" />
      <field displayname="Region" name="lulu_region_text" type="string" customfield="true" />
      <field displayname="Site" name="siteid" type="guid" primaryKey="true" />
      <field displayname="Site type" name="lulu_sitetype" type="optionsetvaluecollection" customfield="true" />
      <field displayname="Source System ID" name="lulu_source_system_id" type="string" customfield="true" />
      <field displayname="State/Province" name="address1_stateorprovince" type="string" />
      <field displayname="Street 1" name="address1_line1" type="string" />
      <field displayname="Street 2" name="address1_line2" type="string" />
      <field displayname="Street 3" name="address1_line3" type="string" />
      <field displayname="Time Zone" name="timezonecode" type="number" />
      <field displayname="Time Zone Rule Version Number" name="timezoneruleversionnumber" type="number" />
      <field displayname="Type" name="lulu_type" type="optionsetvalue" customfield="true" />
      <field displayname="UTC Conversion Time Zone Code" name="utcconversiontimezonecode" type="number" />
      <field displayname="Value" name="lulu_value" type="money" customfield="true" />
      <field displayname="Value (Base)" name="lulu_value_base" type="money" customfield="true" />
      <field displayname="ZIP/Postal Code" name="address1_postalcode" type="string" />
    </fields>
    <relationships />
  </entity>
</entities>