<entities >
  <entity name="knowledgearticle" displayname="Knowledge Article" etc="9953" primaryidfield="knowledgearticleid" primarynamefield="title" disableplugins="false">
    <fields>
      <field displayname="Article Public Number" name="articlepublicnumber" type="string" />
      <field displayname="Content" name="content" type="string" />
      <field displayname="Created By" name="createdby" type="entityreference" lookupType="systemuser" />
      <field displayname="Created By (Delegate)" name="createdonbehalfby" type="entityreference" lookupType="systemuser" />
      <field displayname="Created On" name="createdon" type="datetime" />
      <field displayname="Currency" name="transactioncurrencyid" type="entityreference" lookupType="transactioncurrency" />
      <field displayname="Description" name="description" type="string" />
      <field displayname="ExchangeRate" name="exchangerate" type="decimal" />
      <field displayname="Expiration Date" name="expirationdate" type="datetime" />
      <field displayname="Expiration State Id" name="expirationstateid" type="number" />
      <field displayname="Expired Review Options" name="expiredreviewoptions" type="optionsetvalue" />
      <field displayname="Expired Status" name="expirationstatusid" type="number" />
      <field displayname="Import Sequence Number" name="importsequencenumber" type="number" />
      <field displayname="Internal" name="isinternal" type="bool" />
      <field displayname="Is Latest Version" name="islatestversion" type="bool" />
      <field displayname="Keywords" name="keywords" type="string" />
      <field displayname="Knowledge Article" name="knowledgearticleid" type="guid" primaryKey="true" />
      <field displayname="Knowledge Article View(Last Updated Time)" name="knowledgearticleviews_date" type="datetime" />
      <field displayname="Knowledge Article View(State)" name="knowledgearticleviews_state" type="number" />
      <field displayname="Knowledge Article Views" name="knowledgearticleviews" type="number" />
      <field displayname="Language" name="languagelocaleid" type="entityreference" lookupType="languagelocale" />
      <field displayname="Major Version Number" name="majorversionnumber" type="number" />
      <field displayname="Minor Version Number" name="minorversionnumber" type="number" />
      <field displayname="Modified By" name="modifiedby" type="entityreference" lookupType="systemuser" />
      <field displayname="Modified By (Delegate)" name="modifiedonbehalfby" type="entityreference" lookupType="systemuser" />
      <field displayname="Modified On" name="modifiedon" type="datetime" />
      <field displayname="Owner" name="ownerid" type="owner" />
      <field displayname="Owning Business Unit" name="owningbusinessunit" type="entityreference" lookupType="businessunit" />
      <field displayname="Owning Team" name="owningteam" type="entityreference" lookupType="team" />
      <field displayname="Owning User" name="owninguser" type="entityreference" lookupType="systemuser" />
      <field displayname="Parent Article Content Id" name="parentarticlecontentid" type="entityreference" lookupType="knowledgearticle" />
      <field displayname="Previous Article Content ID" name="previousarticlecontentid" type="entityreference" lookupType="knowledgearticle" />
      <field displayname="Primary Article" name="isprimary" type="bool" />
      <field displayname="Primary Author Id" name="primaryauthorid" type="entityreference" lookupType="systemuser" />
      <field displayname="Process Id" name="processid" type="guid" />
      <field displayname="Publish On" name="publishon" type="datetime" />
      <field displayname="Published Status" name="publishstatusid" type="number" />
      <field displayname="Rating" name="rating" type="decimal" />
      <field displayname="Rating(Count)" name="rating_count" type="number" />
      <field displayname="Rating(Last Updated Time)" name="rating_date" type="datetime" />
      <field displayname="Rating(State)" name="rating_state" type="number" />
      <field displayname="Rating(sum)" name="rating_sum" type="decimal" />
      <field displayname="Ready For Review" name="readyforreview" type="bool" />
      <field displayname="Record Created On" name="overriddencreatedon" type="datetime" />
      <field displayname="Review" name="review" type="optionsetvalue" />
      <field displayname="Root Article" name="isrootarticle" type="bool" />
      <field displayname="Root Article Id" name="rootarticleid" type="entityreference" lookupType="knowledgearticle" />
      <field displayname="Scheduled Status" name="scheduledstatusid" type="number" />
      <field displayname="Set Category Associations" name="setcategoryassociations" type="bool" />
      <field displayname="Set Product Associations" name="setproductassociations" type="bool" />
      <field displayname="Stage Id" name="stageid" type="guid" />
      <field displayname="Status" name="statecode" type="state" />
      <field displayname="Status Reason" name="statuscode" type="status" />
      <field displayname="Subject" name="subjectid" type="entityreference" lookupType="subject" />
      <field displayname="Time Zone Rule Version Number" name="timezoneruleversionnumber" type="number" />
      <field displayname="Title" name="title" type="string" />
      <field displayname="Update Content" name="updatecontent" type="bool" />
      <field displayname="UTC Conversion Time Zone Code" name="utcconversiontimezonecode" type="number" />
      <field displayname="versionnumber" name="versionnumber" type="bigint" />
    </fields>
    <relationships>
      <relationship name="knowledgearticlescategories" manyToMany="true" relatedEntityName="knowledgearticlescategories" m2mTargetEntity="category" m2mTargetEntityPrimaryKey="categoryid" />
    </relationships>
  </entity>
</entities>