<entities >
  <entity name="msdyn_cannedmessage" displayname="Quick reply" etc="10325" primaryidfield="msdyn_cannedmessageid" primarynamefield="msdyn_title" disableplugins="false">
    <fields>
      <field displayname="Created By" name="createdby" type="entityreference" lookupType="systemuser" />
      <field displayname="Created By (Delegate)" name="createdonbehalfby" type="entityreference" lookupType="systemuser" />
      <field displayname="Created On" name="createdon" type="datetime" />
      <field displayname="Import Sequence Number" name="importsequencenumber" type="number" />
      <field displayname="Locale" name="msdyn_locale_field" type="optionsetvalue" customfield="true" />
      <field displayname="Message" name="msdyn_message" type="string" customfield="true" />
      <field displayname="Modified By" name="modifiedby" type="entityreference" lookupType="systemuser" />
      <field displayname="Modified By (Delegate)" name="modifiedonbehalfby" type="entityreference" lookupType="systemuser" />
      <field displayname="Modified On" name="modifiedon" type="datetime" />
      <field displayname="Organization Id" name="organizationid" type="entityreference" lookupType="organization" />
      <field updateCompare="true" displayname="Quick reply" name="msdyn_cannedmessageid" type="guid" primaryKey="true" />
      <field displayname="Record Created On" name="overriddencreatedon" type="datetime" />
      <field displayname="Status" name="statecode" type="state" />
      <field displayname="Status Reason" name="statuscode" type="status" />
      <field displayname="TagsControlField" name="msdyn_tagscontrolfield" type="string" customfield="true" />
      <field displayname="Time Zone Rule Version Number" name="timezoneruleversionnumber" type="number" />
      <field displayname="Title" name="msdyn_title" type="string" customfield="true" />
      <field displayname="UTC Conversion Time Zone Code" name="utcconversiontimezonecode" type="number" />
      <field displayname="Version Number" name="versionnumber" type="bigint" />
    </fields>
    <relationships>
      <relationship name="msdyn_msdyn_cannedmessage_liveworkstream" manyToMany="true" relatedEntityName="msdyn_msdyn_cannedmessage_liveworkstream" m2mTargetEntity="msdyn_liveworkstream" m2mTargetEntityPrimaryKey="msdyn_liveworkstreamid" />
      <relationship name="msdyn_msdyn_cannedmessage_msdyn_octag" manyToMany="true" relatedEntityName="msdyn_msdyn_cannedmessage_msdyn_octag" m2mTargetEntity="msdyn_octag" m2mTargetEntityPrimaryKey="msdyn_octagid" />
    </relationships>
  </entity>
</entities>